 AGRALE,,,,,,,,,
7000 DX. 7500 DXT motor  MWM 4.10,H2021,(2) P5074,,,,,,,
BF4-150 TB motor MWM TD 229/6,H2021,(2) Z5055,,,,,,,
BX100. BX4 100. BX130. BX4 130,H2021,(2) Z5055,,J3087,J3031,,,,
BX90. DX4.90 motor MWM D229/4,H2088,(2) Z5055,,J3087,J3031,,,,
Junior motor MWM 4.10T,H2021,(2) P5074,,J3197,J3198,K4053(HI),,,
Micro T 416. TA 420. TA 440. T 4100 motor M90,H2068,P5073,,,,,,,
Micro T 4200. T 4300 motor M780,H2068,(2) P5073,,,,,,,
TX 1100 motor M790,H2068,P5073,,,,,,,
TX 1600 motor MWM D 229/3,H2088,(2) Z5055,,,,,,,
TX 1600 motor MWM D 229/3,H2088,(2) P5073,,,,,,,
TX 1800 motor MWM D 229/4,H2088,(2) Z5055,,J3034,J3035,,,,
TX 1800 motor Perkins Q20B4,H2013,(2) Z5020,,J3034,J3035,,,,
,,,,,,,,,
ALLIS CHALMERS / FIAT ALLIS,,,,,,,,,
7D. AD-7,H2001,(2) Z5020,,,,,,,
10B. FL-10B,H2001,Z5022,P5021,,,K4001(HI),,,
10C.FL-10C,H2002,P5021,,J3001,J3002,K4002(TH),,,
11B,T2003,P5023,,J3003,J3004,K4002(TH),,,
12G. 12G Serie B,(2) T2003,P5023,,J3003,J3004,K4001(TH),,,
14B,(2) H2002,Z5022,P5021,J3005,J3006,K4001(HI),,,
,(2)T2003(A),,,,,,,,
14C. FL-14C,(2) H2002,Z5022,P5021,J3001,J3002,K4001(HI),,,
21,T2003,P5023,P5054,J3095,J3008,K4004(HI),,,
0,,,,,,K4002(TH),,,
21 (algunos modelos),T2005,P5023,P5054,J3095,J3008,K4004(HI),,,
,,,,,,K4002(TH),,,
21C,H2047,P5023,,J3009,J3010,K4001(HI),,,
,T2002(A),,,,,K4002(TH),,,
21C (algunos modelos),T2003,P5023,,J3009,J3010,K4001(HI),,,
,T2005(A),,,,,K4002(TH),,,
31 (motor  Cummins),H2047,P5054,,J3009,J3010,K4001(TH),,,
,T2005(A),,,,,K4002(TH),,,
,T2007(A),,,,,,,,
80 DB motor MWM D 229-4,H2088,(2) Z5055,,J3017,J3029,,,,
FIAT ALLIS FB-80-4 motor Cummins,H2167,P5073,P5167,,,,,,
150C,T2003,Z5027,Z5028 / P5023,J3001,J3002,,,,
161,T2007,(2) P5054,,J3095,J3008,K4005(HI) ,,,
,,,,,,K4001(TH),,,
260B,(2) T2003,P5023,P5054,J3095,J3008,K4005(HI) ,,,
,(2) T2005(A),,,,,K4001(HI),,,
260E (hasta serie 8001),(2) T2003,Z5029,,,,K4006(HI),,,
,(2) T2008(A),,,,,K4001(TH),,,
260E (desde serie 8002),(2) T2003,Z5029,,J3095,J3008,K4006(HI),,,
,(2) T2005(A),,,,,K4001(TH),,,
261B,T2005 , (2) T2003,P5023,P5054,J3095,J3008,K4002(TH),,
,,,,,,,,,
460,T2003,Z5029,,,,K4006(HI),,,
,,,,,,K4010(TH),,,
460B,(2) T2003,Z5029,,J3011,,K4006(HI),,,
,(2) T2005(A),,,,,K4010(TH),,,
460C (motor GM 12V-71),T2003,Z5030,Z5031,J3095,J3008,K4011(HI),,,
,,,,,,K4010(TH),,,
545B. 605B,H2009,P5023,,J3012,J3013,K4012(HI),,,
,,,,,,K4004(TH),,,
555,(2)T2003,Z5029,,J3011,,,,,
555 turbo,T2010,Z5029,,J3011,,,,,
562C,T2003,Z5029,,J3095,J3008,K4010(TH),,,
615 gas,H2011,P5023,,J3014,,K4005(HI) ,,,
,,,,,,K4004(TH),,,
615 diesel,H2011,P5023,,J3015,,,,,
645 (hasta serie 2032),(2) H2001,,,,,,,,
645 (desde serie 2033),(2) H2009,P5023,,J3001,J3002,K4005(HI) ,,,
15. 715D (motor Perkins),H2013,(2) Z5020,,J3016,,K4034(TH),,,
745. 745H. 7458,,,,J3003,J3004,K4005(HI) ,,,
,,,,,,K4004(TH),,,
816,H2013,(2) Z5020,,J3017,J3029,K4008(HI),,,
ALLIS CHALMERS /  FIAT ALLIS (Continuación),,,,,,,,,
945. 945B,T2003,P5023,,J3095,J3008,K4004(HI),,,
,T2005(A),,,,,K4002(TH),,,
AD-9,(2) H2001,Z5022,P5021,,,K4001(HI),,,
,(2) T2003,,,,,,,,
AD-10,H2001,(2) Z5032,,J3005,J3006,K4001(HI),,,
AD-10B,(2) H2001,Z5022,P5021,J3005,J3006,K4001(HI),,,
AD-12 (hasta CH-0268),(2) T2003,,,,,K4001(HI),,,
AD-12 (hasta CH-0269),(2) T2003,,,J3005,J3006,K4001(HI),,,
AD-14,(2) T2003,Z5022,P5021,J3005,J3006,K4001(HI),,,
AD-18,T2003,,,J3018,,,,,
AD-20 (hasta M-4205),(2) T2003 ,Z5022,P5021,J3019,J3020,K4001(HI),,,
,(2) H2002,,,,,,,,
AD-20 (desde M-4206),(2) T2003 ,Z5022,P5021,,,K4001(HI),,,
,(2) H2002,,,,,,,,
AD20,(2) H2002,Z5022,,,,K4060(H),,,
,,,,,,K4069(H),,,
,,,,,,K4082(TH),,,
FD-20,(2) H2002,Z5022,P5021,,,,,,
FG 75 Serie B Motoniveladora motor Cummins,H2198,P5036,P5073,J3001,J3002,K4073(C),,,
FG-85A -Motoniveladora motor Cummins,H2198,P5036,P5073,J3001,J3002,W6007(IC),,,
FL-4C,H2001,,,,,,,,
FL-6,H2001,P5021,,,,,,,
FL-8,H2011,,,,,,,,
FL-9,H2001,(2) Z5020,,,,,,,
FL-14B,H2002,Z5022,P5021,,,,,,
FL-20,H2002,Z5022,P5021,J3003,J3004,,,,
FR-20,,P5021,,J3001,J3002,K4005(HI),,,
,,,,,,K4012(TH),,,
HD-7G 7000  Eng.,,Z5027,Z5028,,,K4009(HI),,,
HD-11.  HD-11B. HD-11EC. HD-11S,T2003 , T2008,Z5027,Z5028,J3023,,K4001(HI),,
,,,,,,,,,
HD-11G,T2003,Z5027,Z5028,J3023,,,,,
HD-12G. HD-12GS,(2) T2003,Z5027,Z5028,J3003,J3004,K4001(HI),,,
HD-16. HD-16AC. HD-16DC.,(2) T2003,Z5029,,J3024,,,,,
HD-16DP. HD-16G. HD-844,T2008 ,,,,,,,,
HD-16B. 16B,T2005 , (2) T2003,P5023,,J3009,J3010,,,
,,,,,,,,,
HD-20,T2003 , T2008,Z5029,,,,,,
,,,,,,,,,
HD-21 (hasta serie 12801),T2003 , T2008,Z5029,,J3025,,,,
,,,,,,,,,
HD-21A (desde serie 12802),T2003 , T2008,Z5029,,,,,,
,,,,,,,,,
HD-21B,(2) T2003 , T2005,Z5029,P5023,J3095,J3008,K4001(HI),,
,,,,,,,,,
HD-21G (hasta serie 13178),T2003 , T2008,Z5029,,J3025,,,,
,,,,,,,,,
HD-21G (desde serie 13179),T2003 , T2005,Z5029,,,,K4001(HI),,
,,,,,,,,,
HD-22B,T2003,Z5029,,J3095,J3008,,,,
HD-31,T2005,Z5034,,J3009,J3010,K4004(HI),,,
,T2007,,,,,K4002(TH),,,
HD-41B,(3) T2003,Z5034,,J3026,J3027,K4004(HI),,,
,T2005,,,,,K4002(TH),,,
TL-545,H2011,,,J3017,J3029,K4005(HI),,,
TL-653. TL-655,H2001,P5023,,,,,,,
FIAT ALLIS ,,,,,,(4090HI)(4106TH),,,
,,,,,,,,,
BERNARDIN,,,,,,,,,
B 190 TRACTOR ARTICULADO,,,,,,,,,
B 230 TRACTOR ARTICULADO,,,,,,,,,
280 DT TRACTOR ARTICULADO,,,,,,,,,
M 2120 190 HP  Cosechadora motor Perkins,,,,,,,,,
M 2120 HYDRO 230 HP Cosechador motor Perkins,,,,,,,,,
M 2160HYDRO 280 HP Cosechadora Volvo Penta,,,,,,,,,
M 2160 COSECHADORA motor MB 310 CV,,,,,,,,,
PAM 3000 PULVERIZADORA motor MB 135 CV,,,,,,,,,
,,,,,,,,,
CASE,,,,,,,,,
CASE 580M SERIE II motor Cummins ,H2212,P5073,,J3509R,J3510R,,,,
CASE 580 L motor Cummins,H2167,P5074,,J3528R,J3529R,,,,
580 (Brasil),H2013,(2) Z5020,,J3017,J3029,K4015(HI),,,
580,H2013,Z5068,,J3017,J3029,K4068(HI),,,
580 Super K motor Cummins,H2167,(2) P5073,,J3363,J3364,,,,
580 h motor perkins,H2013,,,,,K4099(HI),,,
 580H motor Cummins ,H2167,(2) P5073,,J3034,J3035,K4015(HI),,,
850 G TOPADORA motor Cummins,H2168,P5036,P5121,J3489,J3490,K4097 (HI),K4034(TH),,
STEIGER STX 325 325HP Tractor articulado,,,,,,,,,
 700. 730. 731. 750. 800 y 831,T2010,Z5028,,,,,,,
845 MOTONIV. motor Cummins 6BTA 5.9,,,,,,K4005(HI),,,
810. 900. 930.940. 1000 y 1010,T2102,Z5028,,,,,,,
888 Retroexcavadora 6Cil. 94 c/oruga,H2167,P5036,P5073,J3489,J3490,W6006,,,
1060. 1065 y 1160 motor Perkins 6-354,H2015,Z5035,Z5020,,,,,,
1060 y 1065 motor Chrysler 318,H2069,,,,,,,,
1150C,H2112,,,J3012,J3013,,,,
1450 motor A504-BDT),H2112,P5036,P5023,J3012,J3013,,,,
2155,,P5073,P5036,J3587,J3588,,,,
2470 (Tractor),(2) H2021,P5036,P5050,J3083,J3084,,,,
4220,H2021,P5074,,J3484,J3485,,,,
5140. 5150 motor Cummins,H2167,P5036,P5073,J3291,J3292,,,,
5250,H2168,P5073  P5136,P5036,J3489,J3490,,,,
9050 Retro excavadora frontal,H2198,P5142 CP,J3590R,J3693R,,K4107  H2046,W6006,,
9130,H2047,P5036,P5073,J3343,J3344,W6006,,,
9150 motor Caterpillar 3306,,,,J3095,J3008,,,,
CX-100 Perkins ingles 4 CIL Turbo,H2013,P5074,,J3520R,J3521R,,,,
MX 120 Tractor,H2168,P5073,P5073,,,K4068(TH),,,
MX 135 Tractor,H2168,P5073,P5073,,,,,,
CASE 125 PB,,,,,,K4122(HI),,,
Tractor,,,,J3289,J3290,,,,
Retroexcavadora,H2167,P5036,P5073,J3034,J3035,K4015(HI),,,
W-20B (Brasil),T2017,(2) Z5037,,J3087,J3031,K4015(HI),K4068(TH),,
W20 E,,,,J3512R,J3527R,,,,
220 MAGNUM MX motor Cummins 6 CTAA 220 HP SAE,,,,,,,,,
240 MAGNUM MX motor Cummins 6 CTAA 240 HP SAE,,,,,,,,,
270 MAGNUM MX motor Cummins 6 CTAA 270 HP SAE,,,,,,,,,
135 MAXXUM MX 137 CV,,,,,,K4068(TH),,,
150 MAXXUM MXM 149 CV,,,,,,,,,
165 MAXXUM MXM 170 CV,,,,,,,,,
190 MAXXUM MXM 194 HP SAE,,,,,,,,,
2188 motor Cummins300HP Cosechadora,H2198,,,,,,,,
2388 Extreme motor Cummins 8.3L T.280HP Cosechadora,H2198,P5142 CP,P5073,,,,,,
410 MINICARGADORA,,,,J3509R,J3510R,,,,
430 MINICARGADORA,H2212,P5177,,J3509R,J3510R,,,,
440 MINICARGADORA,H2212,P5136,,J3691R,J3521R,,,,
,,,,,,,,,
CATERPILLAR,,,,,,,,,
D8 SERIE 22A. 35A. 36A. 36A 1-4468,T2040,Z5059,,J3025,,K4044(DH),,,
D8 SERIE 52A. 68A. 46A 1-10724,T2040,(2) Z5059,,J3025,,K4044(DH),,,
,,,,,,K4044(DH),,,
D8L,,,,J3108,J3109,K4044(DH),,,
D8 SERIE 76 V1-UP. 77 V1 UP,(2) H2044,(2) P5054,,J3096,J3097,K4044(DH),,,
D7 SERIE 47A 3678 UP. 48A 6883  UP,T2042,(2) Z5059,,J3098,J3099,K4044(DH),,,
D7 SERIE 91V1-UP,H2033,P5054,,J3085,J3086,K4005(TH),,,
D6 SERIE 92V1-2126,H2033,P5054,,J3085,J3086,K4005(TH),,,
D6 SERIE 99J1-1550. 10K1-5984,T2040,P5054,,J3085,J3100,K4005(TH),,,
D6 SERIE 69 V1-UP. 3X. 4X. 5X. 6X,H2033,P5054,,J3096,J3097,K4005(TH),,,
D6H,H2033,P5054,,J3612R,J3613R,K4075(TH) K4005  K4028,,,
CATERPILLAR ,,,,J3541R,J3542R,K4005(HI),,,
,,,,,,,,,
D5 SERIE 93J1-677,T2040,P5054,,J3085,J3100,K4044(TH),,,
D5 SERIE 93J 678-904,H2033,P5054,,J3085,J3100,K4044(TH),,,
D5 SERIE 81H1-UP,T2040,Z5059,,J3101,J3102,K4044(DH),,,
D5 SERIE 22X1-UP,H2033,P5054,,J3085,J3100,K4044(DH),,,
D5 SERIE 46X1-UP,H2033,P5054,,J3085,J3100,K4044(DH),,,
,,,,,,K4044(DH),,,
D4 SERIE 39A. 40A. 78A. 85A. 86A. 22C,T2040,Z5059,,J3103,J3104,,,,
D4 SERIE 82J3256,H2033,P5054,,J3101,J3102,K4044(TH),,,
D4 SERIE 27X1-UP. 28X1-UP,H2033,P5054,,J3101,J3102,K4044(TH),,,
D3  SERIE 79U1-UP,H2088,P5023,,J3067,J3105,,,,
D3 SERIE 28Y1-UP,H2088,P5023,,J3067,J3105,K4044(DH),,,
950 F,,,,,,K4118(TH),,,
988A SERIE 87A 1-9074. 87A 9075-UP,T2042,Z5059,,J3106,J3107,(2) K4005(HI),,,
,,,,,,K4005(DH),,,
,,,,,,K4005(TH),,,
988 B SERIE 50W1-UP,(2) H2044,P5060,,J3108,J3109,(2) K4046(HI),,,
,,,,,,K4044(TH),,,
983  SERIE 38K1-UP,(2)T2042,(2) P5054,,J3110,J3111,(3) K4005(HI),,,
,,,,,,(2) K4005(TH),,,
980 SERIE 42H1-UP,(3) T2040,Z5059,,J3085,J3100,(2) K4005(HI),,,
,,,,,,K4044(TH),,,
980 SERIE 89P4784-UP,H2033,P5054,,J3096,J3097,(2) K4005 (HI),,,
,,,,,,K4044(TH),,,
980 SERIE 63X1-UP,H2044,P5060,,J3096,J3097,(4) K4032(HI),,,
,,,,,,(2) K4044(TH),,,
CATERPILLAR (Continuación),,,,,,,,,
977 SERIE 53  A,(2)T2040,Z5059,,J3023,,K4005(HI),,,
,,,,,,K4039(TH),,,
,,,,,,K4047(DH),,,
977 SERIE 11K 4071-UP,H2033,P5054,,J3106,J3107,(2) K4005(HI),,,
,,,,,,K4005(TH),,,
966 SERIE 33A. 75A,(2)T2040,Z5059,,J3085,J3100,K4005(HI),,,
,,,,,,K4039(TH),,,
966 SERIE 99 Y 1-UP,H2033,P5054,,J3085,J3086,(4) K4032(HI),,,
,,,,,,K4044(TH),,,
955 SERIE 12A 8260-UP,T2040,(8) Z5061,,J3103,J3104,K4005(HI),,,
955 SERIE 85J1-4729. 85J4732. 33  y 37,T2040,P5054,,J3085,J3100,K4005(HI),,,
,,,,,,K4044(TH),,,
,,,,,,K4039(DH),,,
955 SERIE 13X1-UP,H2033,P5054,,J3085,J3100,(2)K4032(HI),,,
,,,,,,K4044(TH),,,
,,,,,,K4044(DH),,,
951 SERIE 79H,T2040,P5054,,J3101,J3102,(2)K4045(HI),,,
,,,,,,K4044(TH),,,
,,,,,,K4039(DH),,,
951 SERIE 86J 2598-4041. 86J4042-UP,H2033,P5054,,J3101,J3102,(2) K4045,,,
,,,,,,K4044(TH),,,
,,,,,,K4039(DH),,,
950 SERIE 90A,T2040,Z5059,,J3101,J3102,(2) K4005(HI),,,
,,,,,,K4044(TH),,,
950 SERIE 81J5411-UP,H2033,P5054,,J3101,J3102,(2) K4005(HI),,,
,,,,,,K4039(TH),,,
950 SERIE 31R1-UP. 22Z1-UP,H2033,P5054,,J3085,J3086,(2) K4032(HI),,,
,,,,,,K4033(TH),,,
941 SERIE 80H1-3085. 80H3087,T2040,P5054,,J3101,J3102,(2) K4045(HI),,,
,,,,,,K4044(TH),,,
931 SERIE 78 U1-UP,H2088,P5023,,J3067,J3105,K4044(HI),,,
931 SERIE 10 N1-UP,H2088,P5023,,J3067,J3105,K4044(HI),,,
930 SERIE 41K1-2326,T2040,P5054,,J3101,J3102,K4005(HI),,,
,,,,,,K4044(TH),,,
930 SERIE 41K2327-3207-3208-5314,H2033,P5054,,J3101,J3102,K4005(HI),,,
,,,,,,K4044(TH),,,
924 Topadora,,P5119,,,,,,,
910 SERIE 80V1-UP,H2088,P5023,,J3067,J3105,K4044(HI),,,
825 SERIE 43N1-493,(2) T2042,(2) P5054,,J3106,J3107,(2) K4005(HI),,,
,,,,,,K4005(TH),,,
825 SERIE 43N494-UP,(2) T2042,(2) P5054,,J3106,J3107,K4005(HI),,,
,,,,,,K4005(TH),,,
815 SERIE 91P1,T2040,P5054,,J3106,J3107,(2) K4005(HI),,,
,,,,,,K4044(TH),,,
815 SERIE 91P 920-UP (ESC. 91P25),H2033,P5054,,J3085,J3100,(2) K4005(HI),,,
,,,,,,K4004(TH),,,
633  SERIE 44J-UP. 66M1-781,(2) T2042,P5054,,J3106,J3107,(2) K4005(HI),,,
,,,,,,K4005(TH),,,
633  SERIE 66 M782-UP,(2) T2042,P5054,,J3110,J3111,(2) K4046(HI),,,
,,,,,,K4044(TH),,,
631 SERIE 13G1-UP,(2) T2042,Z5059,,J3106,J3107,(2) K4005(HI),,,
,,,,,,K4005(TH),,,
631 SERIE 24W1-UP,(2) H2044,P5060,,J3108,J3109,(3) K4045(HI),,,
,,,,,,K4044(TH),,,
Nº 16 SERIE 49 G1-UP,(2) T2040,Z5059,,J3085,J3100,K4045(HI),,,
,,,,,,K4044(TH),,,
Nº 16 SERIE 93U1-UP,H2044,P5060,,J3096,J3097,(2) K4044(HI),,,
,,,,,,K4044(TH),,,
Nº 14 SERIE 99G,(2) T2040,Z5059,,J3106,J3107,K4048(HI),,,
,,,,,,K4048(TH),,,
Nº 14 SERIE 96U1-UP,H2033,P5054,,J3085,J3086,K4044(HI),,,
,,,,,,K4044(TH),,,
Nº 12 SERIE 99E,T2040,P5054,,J3101,J3102,K4048(TH),,,
,,,,,,K4048(DH),,,
Nº 12 SERIE 13K1-4567,T2040,P5054,,J3085,J3100,K4048(HI),,,
,,,,,,,,,
Nº 12 SERIE 61M1-UP,H2033,P5054,,J3101,J3102,(2) K4044(HI),,,
,,,,,,K4044(TH),,,
Nº 140 SERIE 11R1-651,T2040,P5054,,J3085,J3100,K4048(TH),,,
,,,,,,K4048(DH),,,
Nº 140 SERIE 72V1-UP. 81V1-UP,H2033,P5054,,J3085,J3086,(2) K4044(HI),,,
,,,,,,K4044(TH),,,
,,,,,,K4048(DH),,,
Nº 120 SERIE 14K,T2040,P5054,,J3085,J3100,K4048(TH),,,
,,,,,,K4048(DH),,,
Nº 120 SERIE 13  V1-681,T2040,P5054,,J3085,J3100,K4044(TH),,,
,,,,,,K4048(DH),,,
Nº 120 SERIE 82 V1-UP. 87 V1-UP Ind Brasilera,H2033,P5054,,J3101,J3102J3624,K4044(TH),,,
,,,,,,K4048(DH),,,
H-120 MOTONIVELADORA,,P5119,,J3541R,J3542R,K4032(HI) K4044 (DH),,,
416. 430 Retroexcavadora,H2015,(2) Z5020,,J3365,J3551,K4055(C),,,
,,,,,,,,,
416C Retroexcavadora,H2013,,,J3520R,J3521R,K4055(C),,,
,,,,,,,,,
426   RETRO,,,,J3365,J3551,,,,
428   RETRO,,,,j3365,J3551,,,,
320 L,H2033,P5119,,J3227,J3228,K4078(HI),,,
320 BL,,P5085,,J3227,J3228,,,,
315 Excavadora,H2088,P5085,,,,,,,
315,,,,J3503,J3002,,,,
245 SERIE 95V178-UP,H2044,P5060,,J3096,J3097,(2) K4046(HI),,,
225 SERIE 51U1-589,H2088,P5023,,J3085,J3100,(2)  K4046(HI),,,
225 SERIE 51U590-2831,(2) H2088,P5023,,J3085,J3100,(2) K4046(HI),,,
225 SERIE 51U2832-UP,(2) H2046,P5054,,J3085,J3100,(2) K4046(HI),,,
215 SERIE 96 L1-UP,H2033,P5054,,J3085,J3100,(2) K4005 (C)K4028,,,
CHALLENGER,,,,J3516 PC,,,,,
COSECHADORA ROT AXIALES C 660,,,,,,,,,
COSECHADORA ROT AXIALES C 670,,,,,,,,,
CHALLENGER 670 ACRT C 9 350 HP Cosechadora,,,,J3689,J3690,,,,
TRACTOR MT434 Perkins P 4001 Natural,,,,,,,,,
TRACTOR MT444 Perkins P 4001 Natural,,,,,,,,,
TRACTOR MT454 Perkins P 4001 Turbo,,,,,,,,,
TRACTOR MT464 Perkins P 4001 Turbo,,,,,,,,,
TRACTOR MT476 Perkins T1006.6 Natural,,,,,,,,,
TRACTOR MT735 185 HP ,,,,,,,,,
TRACTOR MT745 205 HP,,,,,,,,,
TRACTOR MT755 235 HP,,,,,,,,,
TRACTOR MT765 25 HP,,,,,,,,,
,,,,,,,,,
 CBT TRACTOR,,,,,,,,,
1065. 2080 motor MB OM314,T2100,(2) Z5055,,J3034,J3035,,,,
1105. 2105. 2600. 8060 motor MB OM352 A,T2102,(2) Z5055,,J3036,J3037,K4053(HI),,,
2400 motor Detroit Diesel,T2003,Z5027,Z5028,,,,,,
 8240 motor Perkins 4248,H2013,(2) Z5020,,J3017,J3029,K4027(HI),,,
 8260 motor Perkins 6.354,H2015,(2) Z5020,,J3036,J3037,K4053(HI),,,
 8440 motor MWM D229/4,H2088,(2) Z5055,,J3034,J3035,K4027(HI),,,
 8450 4X4 motor MWM TD229/4 EC Turbo,H2088,(2) Z5055,,J3034,J3035,,,,
,,,,,,,,,
CIANGO,,,,,,,,,
PALA CARGADORA 214 Cummins Chino,,,,J3645,J3646,,,,
,,,,,,,,,
CHAMPION,,,,,,,,,
710 A,H2168,P5036,P5073,J3289,J3290,,,,
720 -720 A-726A Cummins 6CT 8.3,H2198,P5036,(2) P5073,J3289,J3290,W6007(IC),,,
730-730A-736A   Cummins 6 CT 8.3,H2198,P5036,(2) P5073,J3287,J3288,,,,
 740 A ,H2198,P5036,P5073,J3457,J3458,W6007(IC),,,
Champion 760 (Motoniveladora),,,,,,K4065(HI),,,
,,,,,,,,,
CLASS,,,,,,,,,
495 PICADORA DE FORRAJE C/M M/B,T2149,(2) Z5038,,J3182,J3183,,,,
,,,,,,,,,
CRYBSA,,,,,,,,,
C-125TE motor Perkins 4-203,H2013,(2) Z5020,,J3032,J3033,,,,
C-1100 motor Perkins 6PF-305,H2015,(2) Z5020,,J3034,J3035,,,,
C-1135 motor Perkins 6-354,H2015,(2) Z5020,,J3036,J3037,,,,
C-1160 motor Perkins 6-354,H2015,(2) Z5020,,J3036,J3037,,,,
C-1210 motor Perkins 6-354 Turbo,H2015,(2) Z5020,,J3087,J3031,,,,
,,,,,,,,,
DAEWOO ,,,,,,,,,
AUTOELEVADOR 225 S,H2168,P5083,,J3482,J3483,K4027  K4055 TH,,,
RETROEXCAVADORA 280 SOLAR,H2047,(2) Z5038,,J3001,J3002,(2) K4078 HI,,,
RETROEXCAVADORA 220 SOLAR,H2047,P5142,,J3503,J3002,(2) K4103,,,
EXCAVADORA SOLAR 220 LC-V Cummins,H2168,P5036,P5121,J3481,J3499,K4078(HI),,,
,,,,,,K4130,,,
DEUTZ,,,,,,,,,
A-30. A-40 motor F2L-514,T2018,(2) Z5038,,,,,,,
A-30. A-40 motor F2L-514,H2019,(2) Z5038,,,,,,,
A-45 motor F2L-514,T2018,(2) Z5038,,,,,,,
A-46 motor F2L-1114,H2019,(2) Z5038,,,,,,,
A-46 motor F2L-514,H2019,Z5020,Z5040,,,,,,
A-55 motor F3L-514,T2100,(2) Z5038,,,,,,,
A-55 motor F3L-514,H2019,(2) Z5038,,,,,,,
A-65 motor F3L-1114,H2019,(2) Z5038,,,,,,,
A-65 motor F3L-1114,H2019,Z5020,Z5040,,,,,,
A-70 motor F4L-61 70HP,T2102,(2) Z5038,,,,,,,
A-70 motor F4L-514,T2100,(2) Z5038,,,,,,,
A-70 motor F4L-514,H2021,(2) Z5038,,,,,,,
A-85. A-100 motor F4L-1114,H2021,(2) Z5038,,,,,,,
A-85. A-100 motor F4L-1114,H2021,Z5020,Z5040,,,,,,
A-85 motor F4L-1114,H2021,Z5020,Z5042,,,,,,
A-110 motor F6L 86-106 HP,T2102,(2) Z5038,,,,,,,
A-110 motor F6L-514,T2100,(2) Z5038,,,,,,,
A-110 motor F6L-514,H2021,(2) Z5038,,J3036,J3037,,,,
DEUTZ (Continuación),,,,,,,,,
A-130 motor F6L-514,H2021,(2) Z5038,,,,,,,
A-130 motor F6L-1114,H2021,(2) Z5038,,,,,,,
A-130 motor F6L-1114,H2021,Z5020,Z5040,J3038,J3039,,,,
A-130 motor F6L-1114,H2021,Z5020,Z5042,J3036,J3037,,,,
A-144 motor F6L-2114,H2021,(2) Z5038,,J3038,J3039,,,,
Araus Optima Cosechadora,H2002,,,,,K4034(HI),,,
AX4.60. 4.60 Viñatero. 4.60 Doble Tracción motor F3L 913,H2021,P5073,Z5042,J3032,J3033,K4018(HI),,,
AX4.70A motor BF4L 913,H2021,P5073,Z5042,J3034,J3035,,,,
AX4.75. 4.75 Doble Tracción motor F4L 913,H2021,P5073,Z5042,J3034,J3035,K4018(HI),,,
AX4.100. 4.100 L. 4.100 Doble Tracción motor F5L 913,H2021,P5073,Z5042,J3034,J3035,K4018(HI),,,
AX4.120. 4.120L. 4.120 Doble Tracción,H2021,P5073,Z5042,J3036,J3037,K4018(HI),,,
AX4.140 Doble Tracción motor BF6L 912T,H2022,P5073,Z5042,J3087,J3031,K4018(HI),,,
AX4.160 motor BF6L 913,H2022,P5073,Z5042,J3087,J3031,K4018(HI),,,
AX4.190 motor BF6L 913C,H2022,P5073,Z5042,J3040,J3041,K4018(HI),,,
AX 5.65 simple y doble tracción motor F3L 913,H2021,Z5042,P5073,J3032,J3033,K4018(HI),,,
AX 5.80 simple y doble tracción motor F4L 913,H2021,Z5042,P5073,J3032,J3033,K4018(HI),,,
AX 5.100 simple y doble tracción motor F5L 913,H2021,Z5042,P5073,J3034,J3035,K4018(HI),,,
AX 5.125 simple y doble tracción motor F6L 913,H2021,Z5042,P5073,J3087,J3031,K4018(HI),,,
AX 5.145 simple y doble tracción motor BF 6L 913,H2021,Z5042,P5073,J3087,J3031,K4018(HI),,,
AX 5.170 turbo. 162. motor BF6L 913C,H2021,Z5042,P5073,J3040,J3041,K4018(HI),,,
AX 5.190 turbo 180CV post enfriado motor BF6L 913C,H2022,Z5042,P5073,J3040,J3041,K4018(HI),,,
AX80-S. AX80-C. AX100-S,H2021,P5073,Z5042,J3034,J3035,K4018(HI),,,
AX100-S motor F5L-913,H2021,P5073,Z5042,J3036,J3037,K4017(HI),,,
AX120-S motor F6L-913,H2021,P5073,Z5042,J3036,J3037,K4018(HI),,,
AX160-S Turbo motor VF6L 913T,H2022,P5073,Z5042,J3087,J3031,(2) K4018(HI),,,
Cosechadora 4040,H2022,P5073,Z5042,J3040,J3041,K4018(HI),,,
DX90 motor F5L 913,H2021,P5073,Z5042,J3036,J3037,,,,
DX120 motor F6L 913,H2021,P5073,Z5042,J3036,J3037,,,,
DX160 motor F6L 912,H2022,P5073,Z5042,J3087,J3031,K4018(HI),,,
D4007 motor F3L 913,H2019,P5073,Z5042,J3032,J3033,,,,
D5207. D6207. 7807 motor F4L 913,H2019,P5073,Z5042,J3034,J3035,,,,
D 6007,H2019,P5073,Z5042,J3032,J3033,,,,
D6807. D7207 motor F4L 912,H2019,P5073,Z5042,J3034,J3035,,,,
FAHR 1322 H motor VF6L 913C,H2022,P5073,Z5042,J3040,J3041,K4018(HI),,,
Motor BF6M 1015. BF6M 1015C,H2022,(2) P5073,P5181,J3182,J3183,,,,
Powermax 300 motor BF6L 513 RC Turbo Post enfriado,H2021,P5073,,J3258,J3114,,,,
6.85 F ,T2208E,P5174,,J3533R,J3556R,,,,
6.95 AGCO ALLIS Refrigerado a aire,,P5174,,J3569R,J3570R,,,,
6.11O,T2208E,P5073,,J3569R,J3570R,,,,
6.11O,T2208E,Z5042,P5073,J3569R,J3570R,,,,
6.125,T2208E,P5174,P5188,J3569R,J3570R,,,,
6.125,T2208E,Z5042,P5073,J3569R,J3570R,,,,
6.125 DOBLE TRACCION  ,,,,J3512R,J3527R,,,,
6.150 AGCO ALLIS  Deutz BF6L913 Turbo,H2022,P5073,,J3512R,J3527R,,,,
6.175 AGCO ALLIS  Deutz BF6L913C Turbo,H2022,P5073,,J3537R,J3538R,,,,
6.190 AGCO ALLIS Deutz  BF6L913C Turbo intercooler,H2022,P5073,,J3537R,J3538R,,,,
6.220 AGCO ALLIS Deutz   BF6L913C Turbo intercooler,H2022,P5073,,J3537R,J3538R,,,,
6.65 V/F AGCO ALLIS Deutz F3L 913 Viñatero,T2208E,P5174,,J3533R,J3556R,,,,
A 440 OPTIMA AGCO ALLIS Deutz BF6L914C,H2022,P5174,Z5042,J3258,J3114,K4018HI,J3662CA,,
A 550 OPTIMA AGCO ALLIS Deutz BF6M 1013 EC ECP,H2021,Z5098,,,,K4018(HI),J3662CA,,
660 OPTIMA AGCO ALLIS Deutz BF6M 1013 ECP,H2021,Z5098,,,,K4018(HI),,,
Deutz linea nueva electronico,,P5174,,,,,,,
660-E 300 HP,,,,,J3670R,,,,
DON ROQUE RV170 Hidro. Motor Cummins - 330 HP    ,H2198,P5073,P5142 SV  Z5098,J3095,J3008,K4018(H) W6006,,,
AGCO 550 COSECHADORA,,,,,,,J3699PC,,
AGCO 660 COSECHADORA,,,,,,,J3699PC,,
,,,,,,,,,
EUROMATCH ,,,,,,,,,
EUROMATCH 5000M motor Kubota,H2048,Z5172,,J3016(CD) J3558,,K4105 K4124,,,
,,,,,,,,,
 ENGESA,,,,,,,,,
 918-1124-1128-1428 motor Cummins NT 855,T2007,P5050,Z5034,J3040,J3041,,,,
EE 510 Forestal motor MWM D229/6,H2021,(2) Z5055,,J3087,J3031,K4053(HI),,,
,,,,,,,,,
FAHR,,,,,,,,,
D-47F/FV. D226 y D300 motor F2L-514,T2100,(2) Z5038,,,,,,,
D-47F/FV. D226 y D300 motor F2L-514,H2019,(2) Z5038,,,,,,,
D-47F/FV. D226 y D300 motor F2L-1114/  2114 ,H2019,Z5020,Z5040,,,,,,
D-66F y D-400 motor F3L-514,T2100,(2) Z5038,,,,,,,
D-66F y D-400 motor F3L-514,H2019,(2) Z5038,,,,,,,
D-66F y D-400 motor F3L-1114 / 2114,H2019,Z5020,Z5040,,,,,,
D-86F. D-177S y D-500A motor F4L-514,T2100,(2) Z5038,,,,,,,
D-86F. D-177S y D-540 motor F4L-514,H2021,(2) Z5038,,,,,,,
D-86F. D-177S y D-540 motor F4L-1114 / 2114,H2021,Z5020,Z5040,,,,,,
D-101 motor F4L-1114 / 2114,H2021,(2) Z5038,,,,,,,
D-131F y D-800 motor F6L-514,H2021,(2) Z5038,,,,,,,
D-131F y D-800 motor F6L-1114 / 2114,H2021,Z5020,Z5040,,,,,,
D-145F motor F6L-1114 / 2114,H2021,(2) Z5038,,J3038,J3039,,,,
FX-80 motor F4L-913,H2021,P5073,Z5042,J3034,J3035,,,,
FX-100 motor F5L-913,H2021,P5073,Z5042,J3034,J3035,,,,
FX-120 motor F6L-913,H2021,P5073,Z5042,J3036,J3037,,,,
FAHR (Continuación),,,,,,,,,
T-180 y T-181 motor F4L-514,T2100,(2) Z5038,,,,,,,
T-180 y T-181 motor F4L-514,H2021,(2) Z5038,,,,,,,
T-180 y T-181 motor F4L-1114 / 2114,H2021,Z5020,Z5040,,,,,,
,,,,,,,,,
HAMM ,,,,,,,,,
motor DEUTZ  3410,,,,J3671R,J3672R,,,,
,,,,,,,,,
HANOMAG 35-50 HP,H2225,P5180CP),,J3669,,,,,
,,,,,,,,,
HYUNDAI,,,,,,,,,
CARGADORA FRONTAL motor Cummins 6,,P5036. P5073  ,P5136,,,,,,
HYUNDAI R 160 LC 7 motor MITSUBISHI,H2124,P5085, P5161 (TA),J3585(CD),J3586,K4107(HI K4114),(TH2046),Resp hidr ,J3594
HYUNDAI LC 3 Retro excavadora Cummins,H2167,P5036,P5073,J3012(CD),J3013,K4114. K4107,(T.H2046),Resp hidr ,J3594
HYUNDAI R-210 LC-7,H2168,P5073P5036 (P5161 TA),P5161P5073,J3585(CD),J3586,K4114. K4107, (TH2046,Resp hidr ,J3594
ROVEC C 210 L67 Retro excavadora,,P5161,,J3585(CD),J3586,K4114. K4107,(TH2046,,
Algunos modelos,,,,,,K4116 (HI),J3594 Res. tanque,,
HYUNDAI Retro excavadora R 170 W-7,H2124,P5085,P5161 TA,J3585(CD),J3586,K4114. K4107,T H2046,J3594,
HYUNDAI 320 LC-7,H2198,P5073,P5036,J3707,J3708,K4107,T H2046,,
HYUNDAY R-290 LC-7,H2213,P5036,P5161 TA,J3585(CD),J3586,K4117. K4107,(TH2046,Resp hid J3607,
HUYUNDAI Mini cargadora 850 ,H2011,P5131,,J3509R,J3510R,K4028 (HI),,,
,,,,,,,,,
FIAT,,,,,,,,,
25 CS. CD. CSD U-25,T2130,Z5115,,,,,,,
SOMECA,T2036,(2) Z5032,,,,,,,
55L y R,T2024,(2) Z5032,,,,,,,
60 R,T2024,(2) Z5032,,,,,,,
70 - 66,H2001,(2) Z5020,,J3042,J3043,K4021(HI),,,
140-90. 160-90. 180-90,H2002,Z5022,P5021,J3047,J3048,K4021(HI),,,
400 E,H2001,P5021,,,,,,,
400 y 500 1a. Serie,H2021,P5043,,,,,,,
400 y 500 2a. Serie,H2001,P5021,,,,,,,
46 y 55-46,H2001,(2) Z5020,,J3042,J3043,,,,
450,T2025,(2) Z5038,,,,,,,
480,H2001,(2) Z5020,,,,,,,
540,H2001,(2) Z5020,,,,,,,
600 E,H2001,P5021,,,,,,,
640,H2001,(2) Z5020,,,,,,,
660,T2025,(2) Z5038,,,,,,,
666 y 80 - 66,H2001,(2) Z5020,,J3042,J3043,,,,
680,H2001,(2) Z5020,,J3044,J3045,K4020(HI),,,
700 A motor CP-3,H2001,P5021,,,,,,,
700 A y 700 U,(2)T2025,(2) Z5038,,,,,,,
700 E,H2001,P5021,,,,,,,
780 y 780 R,(2)T2025,(2) Z5032,,,,,,,
780 y 780 R,(2)T2025,(2) Z5038,,,,,,,
780,H2001,(2) Z5020,,J3044,J3045,K4020(HI),,,
800 E y F,H2001,P5021,,,,,,,
880 (Importado),H2001,(2) Z5020,,J3044,J3045,,,,
880,H2001,(2) Z5020,,J3044,J3045,K4020(HI),,,
880/S,(2) H2001,(2) P5073,,J3044,J3045,K4020(HI),,,
900 E,H2001,P5021,,,,,,,
980,(2) H2012,(2) P5073,,J3044,J3045,K4020(HI),,,
1100 E,(2) H2001,P5021,,,,,,,
1180 y 115-80,H2012,(2) P5073,,J3044,J3045,K4021(HI),,,
1380 y 1380 Turbo,H2012,(2) Z5020,,J3001,J3046,K4021(HI),,,
1580 y 1880,H2002,Z5022,P5021,J3001,J3046,K4021(HI),,,
Agritec 120,H2015,(2) Z5020,,J3054,J3055,,,,
AGRI 100-90,H2012,P5074,,J3044,J3045,,,,
AGRI 110-90,H2012,P5074,,J3044,J3045,,,,
AGRI 115-90,H2012,Z5111,,J3044,J3045,,,,
AGRI 140-90,H2012,P5074,,J3001,J3002 , J3046,,,
AGRI 160-90,H2002,Z5022,P5021,J3047,J3048,,,,
AGRI 180-90,H2002,Z5022,P5021,J3047,J3048,,,,
Kubota L-245,H2068,P5046,,J3014,J3049,,,,
Laverda  M-112 S1 y S2,(2)H2012,(2) Z5020,,J3052,J3053,,,,
Laverda  M-152,H2002,P5021,,J3052,J3053,,,,
RD-311 C. 351 C. 411,T2130,Z5115,,,,,,,
Versatile 44-23. 44-28. 44-33. 44-35,H2027 , H2047,P5054,,J3050,J3051,K4022(HI),,
,,,,,,K4023(TH),,,
Control Remoto (Hidráulico),,,,,,K4064(HI),,,
,,,,,,,,,
GMC / DETROIT DIESEL,,,,,,,,,
8V-53,T2003,Z5027,Z5028,,,,,,
8V-71,H2047,P5051,P5052,,,,,,
12V-71,H2047,P5065,P5066,,,,,,
451,,Z5062,,,,,,,
452,T2003,Z5062,,,,,,,
451 Y 6-7,T2102,Z5027,Z5028,,,,,,
471 (Nuevos modelos),H2047,P5063,P5064,,,,,,
671 y 6V-71 (NUEVOS MODELOS),H2047,P5051,P5052,,,,,,
DRMCO GM 6 cil. Turbo,,,,J3050,J3051,,,,
,,,,,,,,,
,,,,,,,,,
GMK MOTOR. C/Cummins 8 BT CHINA,,,,,,,,,
,H2033,P5054,,,,,,,
GR  motor Cummins,,,,,,,,,
GR MOTONIVELADORA GR 215 motor Cummins,H2198,P5073,P5036,,,W6007,,,
,,,,,,,,,
GOMSELMASH,,,,,,,,,
FS 80-2 Picadora OM 502LA V 8 I. Electron MB,,,,,,,,,
KSK-600 E Picadora OM 906 LA MB,,,,,,,,,
,,,,,,,,,
INTERNATIONAL,,,,,,,,,
TD 20 E Topadora,H2049,P5119,P5050,J3115,,K4097 (C),,,
T 444 E  TRACTOR,,,,,,,,,
,,,,,,,,,
XCMG,,,,,,,,,
XCMG LW 300 F Motoniveladora,H2191,P5216P5177,P5177TA,J3704,J3705P,,,,
,,,,,,,,,
 ,,,,,K4126,K4102,,,
JACTO,,,,,,,,,
UNIPORT 2000 Plus  motor AXION 130 HP,,,,,,,,,
UNIPORT 2500 motor Perkins 4.326,H2013,(2) P5136,,J3569R,J3570R,K4022 (HI),,,
,,,,,,,,,
JRGR 165 C/ CUMMIS,,,,,,,,,
JRGR 165 motor Cummins Motoniveladora,H2033,P5054,,J3608,J3609,,,,
 ,,,,,,,,,
JOHN DEERE,,,,,,,,,
JD-160 Excavadora,H2192,,,,,K4103 (H),,,
JD-253,,Z5029,,,,,,,
JD-300-D,H2028,Z5048,,J3331,J3029,,,,
JD-308,H2028,(2) Z5020,,,,K4024(HI),,,
JD-309,H2028,(2) Z5020,,J3056,J3057,K4024(HI),,,
JD-310-D,H2192,,,,,,,,
JD-310-E RETRO EXCAVADORA,H2192,,,J3520R,J3521R,K4101(TH),,,
JD-310D,H2028,Z5048,,J3331,J3029,K4028(HI),,,
JD-310. JD-350,H2028,(2) Z5020,,J3016,,K4024(HI),,,
JD-310-J,,,,J3691R,J3521R,,,,
JD-344 E,H2028,,,J3291,J3292,K4024(TH),,,
JD-350 C,H2028,Z5048,,J3016,,K4025(HI),,,
JD-380,H2028,(2) Z5020,,J3016,,K4023(HI),,,
,,,,,,K4024(TH),,,
JD-400. JD-401. JD-401A. JD-401B. JD-401C,H2028,(2) Z5020,,J3016,,K4024(HI),,,
,,,,,,K4024(TH),,,
JD-410. JD-440. JD-440A. JD-440B,H2028,(2) Z5020,Z5048,J3016,,K4024(HI),,,
,,,,,,K4024(TH),,,
JD-410E,H2192,,,,,,,,
JD-440C,H2028,Z5048,,J3017,J3029,K4024(HI),,,
,,,,,,K4024(TH),,,
JD-444,H2028,Z5048,,J3058,J3059,K4026(HI),,,
,,,,,,K4024(TH),,,
JD-444C,H2028,Z5048,,J3058,J3059,,,,
JD-440D motor 6-239,H2028,Z5048,,,,,,,
JD-445,T2100,Z5029,Z5049,,,K4024(HI),,,
JD-450,H2028,(2) Z5020,,,,,,,
JD-450B,H2028,(2) Z5020,,J3060,J3061,,,,
JD-450C,H2028,Z5048,,J3060,J3061,K4025(HI),,,
JD-500,T2029,Z5020,P5050,J3062,,K4024(HI),,,
,,Z5048,,,,K4024(TH),,,
,,Z5049,,,,,,,
JD-510,T2029,Z5048,,J3017,J3029,K4024(HI),,,
,,,,,,K4024(TH),,,
JD-510B,H2028,Z5048,,J3017,J3029,K4026(HI),,,
,,,,,, K4096(HI),,,
JD-510C,H2028,Z5048,,,,,,,
JD-540. JD-540A,H2028,(2) Z5020,Z5048,J3017,J3029,K4024(HI),,,
,,,,,,K4024(TH),,,
JD-540B,H2028,Z5048,,J3017,J3029,K4024(HI),,,
,,,,,,K4024(TH),,,
JD-544. JD-544A,H2028,Z5029,(2) Z5020,J3060,J3061,K4026(HI),,,
,,,,,,K4024(TH),,,
JD-544B. JD-544C,H2028,Z5048,,J3058,J3059,K4026(HI),,,
,,,,,,K4024(TH),,,
JD-544G CARGADORA,,,,,,K4100(TH),,,
JD-544D. JD-548. JD-550B. JD-555B,H2028,Z5048,,,,,,,
JD-550. JD-555,H2028,Z5048,,J3058,J3059,K4025(HI),,,
,,,,,,K4024(TH),,,
JD-570. JD-570A,H2028,Z5029,(2) Z5020,J3060,J3061,K4026(HI),,,
,,,,,,K4024(TH),,,
JD-590D,,,,,,K4103 (H),,,
JD-600,T2029,Z5049,P5050,J3063,,K4024(TH),,,
JD-610B. JD-610C,H2028,Z5048,,,,,,,
JD-640,H2028,Z5048,,J3058,J3059,K4026(HI),,,
,,,,,,K4024(HI),,,
,,,,,,K4024(TH),,,
JD-644. JD-644A,H2030,Z5049,Z5048,J3064,J3059,K4026(HI),,,
,,,,,,K4024(TH),,,
JD-644B. JD-644C,H2030,Z5048,,J3065,J3066,(2)K4026(HI),,,
,,,,,,K4024(TH),,,
JD-644B. JD-644C,,,,J3064,J3059,,,,
JOHN DEERE (Continuación),,,,,,,,,
JD-644D,H2031,Z5048,,,,,,,
JD-646,H2030,(2) Z5048,,J3064,J3059,(2)K4026,,,
,,,,,,K4024(TH),,,
JD-646B. JD-646C,H2030,Z5048,,J3065,J3066,(2)K4026(HI),,,
,,,,,,K4024(TH),,,
JD-655,H2028,Z5048,,,,(2)K4028(TH),,,
JD-670,H2028,(2) P5050,,J3063,,K4026(HI),,,
,,,,,,K4026(TH),,,
JD-670A. JD-672A,H2028,Z5048,,,,K4026(HI),,,
,,,,,,K4026(TH),,,
JD-690. JD-690A,H2030,Z5049,Z5048,J3067,,K4022(HI),,,
JD-690B. JD-690D,H2030,Z5048,,,,K4022(HI),,,
,,,,,,K4004(HI),,,
,,,,,,K4029(HI),,,
JD-690C,H2027,Z5048,,,,,,,
,H2031,,,,,,,,
JD-700,T2032,(2) P5050,Z5048,J3012,J3013,K4024(TH),,,
JD-700A,T2032,Z5048,(2) Z5049,,,,,,
,,,P5050,,,,,,
JD-710B,H2028,Z5048,,,,K4026(TH),,,
JD-727,H2028,(2)Z5020,Z5029,J3077,J3078,,,,
JD-730,T2029,Z5029,Z5049,,,,,,
JD-740,H2030,Z5048,,J3064,J3059,K4024/K4026,,,
,,,,,,K4024(TH),,,
JD-740A. JD-743A,H2030,Z5048,,,,(2)K4026(HI),,,
JD-743,H2030,Z5048,,,,(2)K4024,,,
,,,,,,K4026,,,
JD-745,,,,,,(2)K4024,,,
JD-750. JD-755,H2028,Z5048,,J3012,J3053,K4028(HI),,,
JD-755A,H2028,Z5048,,J3064,J3059,K4028(TH),,,
JD-760,T2032,P5050,,J3063,,K4024(HI),,,
JD-760A,T2032,Z5049,Z5048,J3001,J3002,K4024(HI),,,
,,,,,,K4024(TH),,,
JD-762,H2030,(2) Z5048,,J3069,J3070,K4028(HI),,,
JD-762A,H2030,(2) Z5048,,J3071,J3072,K4028(HI),,,
,,,,,,K4055(HI),,,
JD-770-D MOTONIVELADORA,,,,,,,,,
JD-770,H2030,(2) Z5048,,J3065,J3066,,,,
JD-770A,H2030,Z5048,,J3073,J3074,,,,
JD-772A,H2030,(2) Z5048,,J3073,J3074,K4028(HI),,,
JD-790. JD-792,H2031,(2) Z5048,,,,,,,
,H2027,,,,,,,,
JD-844,(2) H2030,(2) Z5048,,J3069,J3070,K4022(HI),,,
JD-850,H2030,(2) Z5048,,J3073,J3074,(4)K4028(HI),K4067,,
,H2031,,,,,,,,
JD-855,H2030,(2) Z5048,,J3073,J3074,K4029(HI),,,
,,,,,,K4004(HI),,,
,,,,,,K4028(TH),,,
JD-860. JD860A,T2003,P5051,P5052/Z5053,J3003,J3004,K4022(TH),,,
JD-860B,H2030,(2) Z5048,,J3003,J3004,K4022(TH),,,
,,,,,,K4031(TH),,,
JD-862,H2030,(2) Z5048,,J3071,J3072,K4028(HI),,,
,,,,,,K4022(TH),,,
JD-862B,H2031,Z5048,,J3071,J3072,K4022(HI),,,
,H2027,,,,,K4022(TH),,,
JD-890,H2030,(2) Z5048,,J3069,J3070,K4029(HI),,,
JD-890A,H2031,(2) Z5048,,J3071,J3072,K4029(HI),,,
,H2027,,,,,,,,
JD-990 Excavadora,,,,,,,,,
JD-940. JD-1030. JD-1040,H2028,Z5029,Z5048,J3075,J3076,K4024(TH),,,
JD-1120. JD-2020. JD-2120,H2028,(2) Z5020,,J3016,,(2) K4024,,,
JD-1175. JD-1175A Cosechadora Algodón,H2028,Z5048,,J3040,J3041,,,,
JD-1250. JD-1450,H2028,,,J3075,J3076,,,,
JD-1450 COSECHADORA,,,,,,,,,
JD-1550 COSECHADORA,H2031,,,J3040,J3041,,,,
JD-1550  COSECHADORA,,,,J3628,J3629,,,,
JD-1520. JD-1530,H2028,(2) Z5020,Z5048,J3075,J3076,K4024(HI),,,
JOHN DEERE (Continuación),,,,,,,,,
JD-2010. JD-2010 C. JD-2010 D,H2028,(2) Z5020,,J3016,,,,,
JD-2030,H2028,(2) Z5020,Z5048,J3016,,K4024(TH),,,
JD-2040,H2028,Z5029,Z5048,J3075,J3076,K4024(HI),,,
JD-2130,H2028,(2) Z5020,,J3075,J3076,K4024(HI),,,
JD-2140,H2028,Z5048,,J3225,J3226,K4024(HI),,,
JD-2140,H2028,Z5048,,J3075,J3076,K4024(TH),,,
JD-2150. JD-2350. JD-2550,H2028,Z5048,,J3075,J3076,K4024(TH),,,
JD-2300 motor Zetor,H2028,Z5044,,J3075,J3076,T2043(TH),,,
JD-2300 motor ZETOR ,H2028,Z5044,,J3509R,J3510R,(HI)T2043TH4094,,,
JD-2330. JD-2350. JD-2530. JD-2730. JD-3330,H2028,Z5029,(2) Z5020,J3056,J3057,K4024(TH),,,
JD-2420,H2028,Z5029,(2) Z5020,J3060,J3061,K4024(TH),,,
JD-2510. JD-2520,H2028,(2) Z5020,,J3062,,K4024(TH),,,
JD-2630. JD-2640,H2028,Z5048,,J3075,J3076,K4024(TH),,,
JD-2750. JD-2940. JD-2950,H2028,Z5048,,J3075,J3076,K4024(TH),,,
,,,,,,,,,
4410 ST / DT 36 HP,,,,,,,,,
JD-2800,H2028,Z5044,,J3087,J3031,,,,
JD-2840,H2028,Z5048,,J3060,J3061,,,,
JD-2850. JD-3350. JD-3350 DT,H2028,(2) Z5020,,J3225,J3226,K4024(TH),,,
JD-3010,T2029,Z5049,P5050,,,K4023(HI),,,
 ,,,,,,K4024(TH),,,
JD-3140,H2028,Z5029,Z5048,J3225,J3226,K4024(TH),,,
JD-3420. JD-4420,H2028,Z5029,(2) Z5020,J3060,J3061,K4024(TH),,,
JD-3530. JD-4530,H2028,Z5029,(2) Z5020,J3077,J3078,K4024(TH),,,
JD-3540. JD-3550,H2028,Z5029,(2) Z5020,J3079,J3080,K4024(TH),,,
JD-4010,T2029,Z5049,,,,K4024(TH),,,
JD-4030,H2028,Z5048,,J3079,J3080,K4026(TH),,,
JD-4040. JD-4730,H2030,Z5048,,J3079,J3080,K4026(HI),,,
JD-4045 POWER TECH DF 270 TF270,,,,J3691R,J3521R,,,,
JD-4050,H2031,Z5048,,J3079,J3080,K4026(HI),,,
4410 ST / DT,,,,,,,,,
JD-4230. JD-4430,T2029,Z5048,,J3079,J3080,K4026(TH),,,
,H2030,,,,,K4024(TH),,,
JD-4250. JD-4450,H2031,Z5048,,J3081,J3082,K4026(TH),,,
JD-4240. JD-4440. JD-4930,H2030,Z5048,,J3081,J3082,K4026(TH),,,
JD-4520,H2030,Z5049,Z5048,J3067,,K4024(TH),,,
JD-4620,H2030,Z5048,,J3083,J3084,K4024(TH),,,
JD-4630,H2030,Z5048,,,,K4024(TH),,,
,,,,,,K4026(TH),,,
JD-4640. JD-4840,H2030,(2) Z5048,,,,K4026(TH),,,
JD-4650.JD-4850,H2031,(2) Z5048,,,,K4026(TH),,,
JD-5010,H2030,P5050,,J3063,,K4024(TH),,,
JD-5020,T2032,Z5049,Z5048,J3012,J3013,K4024(TH),,,
JD-5045-E,,,,,,,,,
JD-5065-E,,,,,,,,,
JD-5075-E,,,,,,,,,
JD-5085-E,,,,,,,,,
JD-5075,,,,,,,,,
JD-5200 / 5300 / 5400,H2028,,,J3017,J3029,K4028(HI),,,
JD-5310 N,H2028,,,,,K4028(HI),,,
5403 ST / DT 75 HP,H2192,,,J3520R,J3521R,,,,
JD-5320 N,H2028,,,,,K4028(HI),,,
JD-5403 2·SERIE DESDE JUNIO ,H2192,,,J3601R,J3602R,,,,
JD-5410,H2028,,,J3044,J3045,K4028(HI),,,
JD-5410,H2192,,,J3044,J3045,K4028,,,
JD-5415 N,H2192,,,J3520R,J3521R,,,,
JD-5600,H2028,,,J3087,J3031,K4028,,,
JD-5603,H2192,,,J3601R,J3602R,K4028(HI),,,
5605 75 HP,,,,,,,,,
5705 ST / DT 85 HP,,,,,,,,,
JD-5700,H2028,,,J3087,J3031,K4028(HI),,,
JD-6000,H2028,Z5048,,J3016,,,,,
JD-6030 motor 531 A. JD-7020.  JD-7520,H2030,(2) Z5048,,J3083,J3084,K4024(TH),,,
JD-6030 motor 531 D 6 cil.,T2032,Z5048,,J3012,J3013,,,,
JD- 6300 100 HP,H2028,,,J3036,J3037,,,,
JD-6405 ST / DT 106 HP,,,,,,,,,
JD-6415 SERIE 15 -6415  108 CV,H2192,,,,,,,,
JD- 6500 115 HP,H2028,,,J3087,J3031,,,,
JD 6600 ,H2028,,,J3087,J3031,,,,
JD-6605 DT 121 HP,,,,,,,,,
JD-6615 SERIE 15-6615  120 CV,,,,,,,,,
JD-7500,H2028,,,J3087,J3031,,,,
JD-7505 DT 140 HP,H2192,,,J3573,J3574,,,,
JD-7515 DT motor JOHN DEERE 6068T,,,,,,,,,
JD-7515 SERIE 15-144 CV,,,,,,,,,
JD-7775 MINICARGADOR,,Z5172,,J3042,J3043,,,,
JD-7800 AMERICANO,,,,,,,,,
JD-7810,H2031,,,,,,,,
JD- 7820 DT 185 HP,,,,,,,,,
JD-7830,,,,,,,,,
JD- 8220 DT 229HP,H2031,,,,,,,,
JD-8270-R,,,,,,,,,
JD-8295-R,,,,,,,,,
JD-8320 DT 259 HP,,,,,,,,,
JD-8820 DT 229 HP,,,,,,,,,
JD-8010. JD-8020,T2003 / T2102,Z5029,Z5027,,,K4010(HI),,,
JD-8301,T2032,Z5049,,,,,,,
JD-8320-R,,,,,,,,,
JD-8430. JD-8440. JD-8630,H2030,Z5029,Z5048,J3071,J3072,K4024(TH),,,
,,,,,,K4026(TH),,,
JD-8450. JD-8650,H2031,(2) Z5048,,J3071,J3072,,,,
JD-8560,H2031,,,J3071,J3072,,,,
JD-8640,H2030,(2) Z5048,,J3071,J3072,K4026(HI),,,
,H2027 / H2031,,,,,,,,
JOHN DEERE (Continuación),,,,,,,,,
JD-8770 Tractor Articulado,H2198 , H2031,,,J3487,J3488,,,
JD-8850,H2031 / H2027,(2) Z5048,,,,,,,
JD-9200 TRACTOR 340 HP,,P5161,,,,,,,
JD-9220 DT ARTICULADO 325 HP,,,,,,,,,
JD-9320 DT ARTICULADO 375 HP,,,,,,,,,
9470 STS COSECHADORA,,,,,,,,,
JD-9570 STS COSECHADORA,,,,,,,,,
JD-9600 COSECHADORA MAXIMISER,,,,J3487,J3488,J3502(AA),,,
JD-9610 COSEHADORA,H2031,,,,,,,,
JD-9650 COSECHADORA,,,,,,,,,
JD-9670 STS COSECHADORA,,,,,,,,,
JD-9750 COSECHADORA,,,,,,,,,
JD-9770 STS COSECHADORA,,,,,,,,,
JD-9860 COSECHADORA,,,,,,,,,
JD-9870 STS COSECHADORA,,,,,,,,,
JD-9900,H2028,Z5048,,J3017,J3029,K4023(HI),,,
JD-9910,H2028,Z5048,,J3079,J3080,K4023(HI),,,
 ,,,,,,K4090(HI),,,
JD-9600 COSECHADORA MAXIMISER,,,,J3071,J3072,,,,
JD-9920,H2028,Z5048,,J3079,J3080,,,,
JD-9930,H2028,Z5048,,J3081,J3082,,,,
JD-9940,H2028,Z5048,,,,,,,
JD-9960 COSEHADORA,H2031,,,J3071,J3072,K4090,,,
JD-9965 COSECHADORA ,H2031,,,J3071,J3072,K4090,,,
JD SLC 2000,,,,,,K4027(HI),,,
STC 9650 ,,,,,,,,,
CWS 9650,,,,,,,,,
J.D LINEA NUEVA,H2228,,,,,,,,
,,,,,,,,,
JVB,,,,,,,,,
PALA CARGADORA   Perkins,H2015,Z5068,,J3533R,J3556R,,,,
,,,,,,K4082,,,
 KOMATSU,,,,,,,,,
1050,,,,J3094,J3008,,,,
D50A. D50P. D50S. D53A. D53S. D57S,T2007,Z5058,,,,,,,
,T2005,,,,,,,,
D55S,T2040,,,J3052,J3091,K4005(HI),,,
,,,,,,K4039(TH),,,
D60E,,,,J3052,J3091,,,,
D60A. D60P. D60PL. D65A NH220,T2041,Z5034,,J3052,J3091,K4041(HI),,,
,T2005,,,,,,,,
D65,T2041,,,J3052,J3091,K4041(TH),,,
D65E,T2041,Z5034,,J3400,J3091,,,,
,T2005,,,,,,,,
D65S motor Cummins,T2041,Z5034,,J3052,J3091,K4041(HI),,,
,T2005,,,,,,,,
D75S motor Cummins NH 220,T2041,Z5034,,J3092,J3093,K4039(HI),,,
,T2005,,,,,,,,
D75S motor Cummins NTO 6,T2041,Z5034,,,,K4041(HI),,,
D85A motor Cummins NH 220,T2041,Z5034,,J3092,J3093,K4039(TH),,,
,T2005,,,,,K4041(DH),,,
D85 E motor Cummins NTO 6,T2041,Z5034,,,,K4039(TH),,,
,T2005,,,,,,,,
D95S CS 4D 155-4,T2007,Z5058,,,,K4043(HI),,,
,T2005,,,,,K4039(TH),,,
,,,,,,K4041(DH),,,
D125 motor Cummins (Japón),T2041,,,,,K4039(HI),,,
,T2005,,,,,,,,
,H2047,,,,,,,,
150 RETROXCAVADORA,H2168,P5121,P5036,J3503,J3002,K4043(HI),,,
PC 160 RETROEXCAVADORA Cummins,,P5074,,J3671R,J3672R,,,,
,,,,,,,,,
D155 S. Nº 24805 UP. S. Nº 24804,H2047,Z5058,,J3094,J3008,K4043(HI),,,
,T2040,,,J3095,,K4039(TH),,,
,T2042,,,,,K4041(DH),,,
,T2005,,,,,,,,
D155S. S6D 155,T2040,Z5058,,J3094,J3008,K4039(TH),,,
PC 200 motor Komatsu Excavadora,H2088,P5131,TAP5142,J3481,J3499,K4078 (TH),K4041(DH),,
PC-200 motor Cummins,H2168,P5073,P5036,J3671R,J3672R,,,,
PC 200,H2168,,,J3610R,J3611R,,,,
PC 220 RetrpExcavadora motor Komatsu,,,,,,,,,
PC-300-7,H2198,P5050,,,,W6006(IC),,,
WA180 cargadora motor Cummins,H2168,P5073,P5036,,,K4081,,,
WA-200/5 cargadora frontal,H2168,P5073,,J3671R,J3672R,,,,
D355 A,T2042,Z5058,,J3094,J3008,K4039(TH),,,
,T2005,,,,,K4041(DH),,,
320 CARGADORA motor Cummins,H2198,P5036,P5121,J3289 ,J3290 ,(2) K4043 / K4113,,,
GD 511 A,,,,J3481,J3499,W6007,,,
D 623 A Motoniveladora,H2198,P5036,P5073,J3289 ,    J3354,J3290 ,    J3354,K4028 / K4025(TH),
,,,,,,K4025(TH),,,
,,,,,,W6006(IC),,,
Dresser motor Cummins,H2198,,,J3353,J3354,,,,
HD 200 motor Cummins NTA 885,H2198,Z5034,,,,,,,
HD 680 motor Cummins VTA 1710,T2007,Z5034,,J3095,J3008,,,,
,T2005,,,,,,,,
ZD455A motor Cummins,T2007,Z5034,,J3094,J3008,,,,
ZD455A motor Cummins,T2005,,,,,,,,
ZHD 180 C  NTO 6 B,T2041,Z5034,,,,,,,
,T2005,,,,,,,,
,,,,,,,,,
,,,,,,,,,
LIEBHERR  ,,,,,,,,,
922 RETRO LITRONIC,(2) H2021,,,J3087,J3031,W6007,,,
,,,,,,,,,
LIU GONG,,,,,,,,,
PALA CARGADORA 1.7 M3 motor YUCHAIN,H2191,(2) P5073,,J3640,J3641,,,,
,,,,,,,,,
SENOR,,,,,,,,,
B-9 HIDROSTATICA 190 HP Cosechadora,,,,,,,,,
 ,,,,,,,,,
 MACROSA,,,,,,,,,
 936 E motor Caterpillar 3304DT,H2033,P5054,,J3085,J3086,K4032(HI),,,
,,,,,,,,,
 MANCINI,,,,,,,,,
 PZM 2000 carg. front. motor M.B. OM-3521,T2103,(2) Z5055,,J3087,J3031,,,,
 PZM-250 carg. front. motor Perkins 6PF-305,H2015,(2) Z5020,,,,,,,
,,,,,,,,,
MARANI AGRINAR,,,,,,,,,
T 80  TRACTOR,,,,,,,,,
T 100 -2   Perkins 4,H2013,Z5020,,J3036,J3037,,,,
T 120-A         ,H2013,,,J3036,J3037,,,,
T 120-4     ,,,,,,,,,
T 150-4  Turbo,H2013 , H2015 ,(2) Z5020,,J3087,J3031,,,
2140 Cosechadora,,,,,,,,,
 ,,,,,,,,,
MASSEY FERGUSSON,,,,,,,,,
MF-150. 155. 165,T2035,(2) Z5020,,,,,,,
MF- 160 Cosechadora,H2015,(2) Z5020,,J3322,J3323,,,,
MF- 162 4- 64 HP,H2013,Z5068,P5074,,,,,,
MF- 265 4-STD-73 HP,H2013,Z5068,P5074,J3533R,J3556R,K4015 / K4128(DH),,,
MF-265 4-E-73 HP,H2013,Z5068,P5074,,,K4128 (DH),,,
MF-275 4-STD-83 HP,H2013,Z5068,P5074,J3533R,J3556R,K4015(DH),,,
MF-275 4-E-83 HP,H2013,Z5068,P5074,J3533R,J3556R,,,,
MF-283,H2013,(2) Z5068,,J3533R,J3556R,K4015(DH),,,
MF-290 4-95 HP,H2013,Z5068,P5074,J3533R,J3556R,K4015(DH),,,
MF-292 4-112 HP Linea Advance,H2013,Z5068,P5074,          J3569R  ,J3570R,K4015,,,
MF-680  Linea Advance,H2013,Z5068,,J3537R,J3538R,,,,
MF-292 ,H2013,Z5068,,J3601R,J3602R,K4131(DH),,,
 MF-297 4-129 HP Cincro 6.0 Perk Quadram,H2013,Z5068,P5074,J3512R,J3527R,K4028(HI),,,
MF-297 ADVANCED,H2015,(2) Z5020,,J3511R,J3644R,K4127(HI),,,
MF-299,2015,(2) Z5020,,J3511R,J3644R,K4127(HI),,,
MF-190 (Brasil),H2013,(2) Z5020,,J3034,J3035,,,,
MF-195,H2015,(2) Z5020,,,,,,,
MF-250,H2013,(2) Z5020,,,,,,,
MF-255. 265,H2013,(2) Z5020,,J3032,J3033,,,,
MF-292 Perkins 4 CIL,,,,,,(K4111) (HI),,,
MF-400(Brasil),H2015,(2) Z5020,,J3038,J3039,K4016(HI),,,
 MF-630 1006.6 Quadram motor Perkins,,,,,,K4014(TH),,,
 MF-650 1006.6T Quadram motor Perkins,H2015,P5074,P5073,J3040,J3041,,,,
 MF-660 1006.6T Quadram motor Perkins,H2015,P5074,P5073,J3040,J3041,,,,
 MF-680 1006.6T Quadram motor Perkins,H2015,P5074,P5073,J3040,J3041,,,,
MF265           ADUANRE LINEA 200,,,,J3569R,J3570R,,,,
MF275           ADUANRE LINEA 200,,,,J3569R,J3570R,,,,
MF285          ADUANRE  LINEA 200,,,,J3569R,J3570R,,,,
MF290          ADUANRE  LINEA 200,,,,J3569R,J3570R,,,,
MF292          ADUANRE  LINEA 200,,,,J3569R,J3570R,K4015,,,
MF-660.680 ADUARNE LINEA 600,,,,J3537R,J3538R,,,,
MF 630  ADUANRE   LINEA 600,H2015,,,J3512R,J3527R,K4015,,,
MF650   ADUANRE   LINEA 600,(2) H2015,(2) Z5068 ,,J3512R,J3527R,,,,
MF-680,(2) H2015,Z5068,Z5068,J3537R,J3538R,,,,
MF SERIE DYNA-6 6400,,,,,,,,,
MF 6480                      ,,,,,,,,,
MF 6495,,,,,,,,,
MF 6499,,,,,,,,,
MF-1075. MF-1078,T2035,(2) Z5020,,,,,,,
MF-1095. 1098,H2015,(2) Z5020,,,,,,,
MF-1175,H2015,(2) Z5020,,J3036,J3037,K4035(HI),,,
MF-1195 S. 1215 S. 1340 S.1360 S-4. 5140S. 5160S. 5190,H2015,(2) Z5020,,J3087,J3031,K4034(HI),,,
Motor Turbo Intercooler,,,,,,K4035(TH),,,
MF-1485 y 1615,H2015,P5136,Z5020,J3199,J3200,K4092,,,
MF 1485. 1499. 1615,H2015,Z5020,Z5068,J3199,J3200,K4073(C),,,
MF 1650. MF 1660  MF 1670. MF 1690,H2015,(2) Z5020,,J3040,J3041,K4073(HI),,,
,,,,,,K4066(HI),,,
MF  1640,H2015,(2) Z5020,,,,K4073,W6003,,
MF 1690 Turbo Intercooler,(2) H2015,(2) Z5020,,,,K4073,W6003,,
MF 5120 Cosechadora motor Cummins Turbo Intercooler,H2198,P5036,P5073,,,,,,
MF-5190,H2015,(2)Z5056,,J3087,J3031,K4034(HI),,,
MF 5650. 6845. 6850 Motor Perkins,H2015,(2) Z5020,,J3322,J3323,,,,
MF-5650 COS. motor Cummins Adbance,H2168,P5212P,P5036,J3537R,J3538R,K4015,,,
MF 6855,,,,J3258,J3114,,,,
MF 6845 . 6850 motor Cummins,,,,J3537R,J3538R,,,,
MF 9790 AXIAL ATR motor SISU,,,,J3094,J3008,J3699PC,,,
MF AT 6-354 V Turbo Intercooler,H2015,(2) Z5020,,J3040,J3041,,,,
Retroexcavadora 86HS motor Perkins,H2015,Z5068,,J3034,J3035,K4058(HI) , K4120,,
MF 34 Cummins 6 CTA 8.3 Cosechadora,H2198,P5167S/V,P5036 P5073,J3537R,J3538R,W6006(IC),K4018(HI),J3699 PC,
MF 34 MAX Cummins Cosechadora,H2198,P5167S/V,P5036 P5073,,,W6006(IC),K4018(HI),J3699 PC,
MF 38 Cummins 6 TTA 8.3 Cosechadora,H2198,P5167S/V,P5036 P5073,,J3670(R),W6006(IC),K4018(HI),J3699 PC,
MF-9790,,,,,,,,J3698 PC,
MF 4275 motor MWM,H2013,Z5068,,J3601R,J3602R,,K4131(HI),,
MF 4283 motor MWM,H2013,Z5068,,J3601R,J3602R,,K4131(HI),,
MF 4291 motor Perkins,H2013,,,J3601R,J3602R,,K4131(HI),,
MF 4292 AGCO SISU  POWER,H2186,Z5020,TF8007,J3511R,J3644R,,K4131(HI),,
MF 4297 AGCO SISU   POWER,H2186,Z5020,TF8007,J3511R,J3644R,,K4131(HI),,
MF 4299 AGCO SISU   POWER,H2186,Z5020,TF8007,J3511R,J3644R,,K4131(HI),,
MF-2615,H2085,(2) P5136,,J3548R,J3567R,,,,
MF-2625,H2085,(2) P5136,,J3509R,J3510R,,,,
,,,,,,,,,
 MAXION,,,,,,,,,
96 MF RETRO EXC. C/PERKINS P-4000 4 CIL.,,,,,,K4028 (HI),,,
 3690 Importado,H2015,Z5020,Z5068,,,,,,
 9110. 9130 motor Perkins 6.354,H2015,(2) Z5020,,J3087,J3031,,,,
 9150. 9170 motor Perkins AT 6.354,H2015,(2) Z5020,,J3040,J3041,,,,
MAXION 740 C/PERKINS,H2015,(2) Z5020,,J3533R,J3556R,K4028,,,
 Maxion 750 motor Perkins P400,H2013,Z5135,,J3034,J3035,W6006(IC),,,
,,,,,,K4028/W6003,,,
MAXION 750 RETRO EXCAVADORA PER. 4 CIL 2004>,H2013,Z5068,,J3533R,J3556R,K4028(HI),,,
 MF 235 motor Perkins 4.236,H2013,(2) Z5020,,J3036,J3037,,,,
 MF 250 motor Perkins 4.236,H2085,P5136,,J3032,J3033,,,,
 MF 265 motor Perkins D.4203,H2085,(2) Z5068,,J3032,J3033,,,,
 MF 275 motor Perkins 4.236,H2013,(2) Z5068,,J3034,J3035,,,,
 MF 275. MF 86 motor Perkins 4.236,H2013,(2) Z5068,,J3034,J3035,,,,
 MF 285. MF 290. MF 290RA motor Perkins 4248,H2013,Z5020,Z5068,J3034,J3035,,,,
 MF 290 motor Perkins 4000 Importado,H2013,(2) P5136,,J3034,J3035,,,,
 MAXION (Continuación),,,,,,,,,
 MF 290. MF 290RA motor Perkins E 4236,H2013,,,J3034,J3035,,,,
 MF 292 motor Perkins 4000 Importado,H2013,(2) P5136,,J3036,J3037,,,,
 MF 292 Turbo motor Perkins T 4236,H2013,(2) Z5020,,J3036,J3037,,,,
 MF 295 motor Perkins 6.358,H2015,(2) Z5020,,J3036,J3037,,,,
 MF 296 motor Perkins 6.354,H2015,(2) Z5020,,J3036,J3037,,,,
 MF 297. MF 299 motor Perkins 6.354,H2015,(2) Z5020,,J3087,J3031,,,,
 MF 299 motor Perkins Importado,H2015,P5136,,J3087,J3031,,,,
 MF 630 motor Perkins 1000 Importado,H2015,(2) P5136,,J3087,J3031,K4015(HI),,,
 MF 4780 motor Scania D11,,(2) P5073,,J3258,J3114,K4049(HI),,,
MAXION 750 RETRO EXCAVADORA ,,,,,,K4129,,,
,,,,,,,,,
MAVERIK,,,,,,,,,
FL936 CON MOTOR DEUTZ 6 CL.TD226B-6,,,,J3640,J3641,K4125 Tanque,,,
MINI CARGADORA,,,,J3652,J3653,,,,
,,,,,,,,,
 METALFOR,,,,,,,,,
 FUTURA 2500 AB MOSQUITO REGADOR C/DEUTZ BF4L913,,,,,,,,,
 MULTIPLE 2800 MOSQUITO REGADOR C/DEUTZ F6L-913 120 HP,,,,,,,,,
 MULTIPLE 3200 C/DEUTZ F6L-913 120 HP,,,,,,,,,
,,,,,,,,,
 MICHIGAN,,,,,,,,,
 45. 55. 55 C motor GM,H2047,P5063,P5064,J3227,J3228,K4071(HI),,,
,,,,,,K4078(C),,,
,,,,,,,,,
MOTONIVELADORA RUSA,,,,,,,,,
DZ 98,T2108,Z5125,Z5126,J3221,,K4056(HI),,,
,,,,,,K4057(TH),,,
,,,,,,,,,
MULLER,,,,,,,,,
TM 12 - motor MWM 229/6,H2021,(2) Z5055,,J3036,J3037,K4049(HI),,,
,,,,,,K4034(TH),,,
 TM 14 motor Cummins 6BT,H2168,P5036,P5136,,,K4049(HI),,,
,,,,,,K4034(TH),,,
,,,,,,W6007(A),,,
 TM 14 motor Cummins 6C 8.3,H2198,P5036,P5136,,,K4049(HI),,,
,,,,,,K4034(TH),,,
,,,,,,W6007(A),,,
 TM 14 motor MWM TD229/6,H2021,(2) Z5055,,,,K4049(HI),,,
,,,,,,K4034(TH),,,
 TM 16 motor Cummins 6BT 5.9,H2168,P5036,P5136,J3001,J3002,,,,
 TM 17 motor Cummins 6CT 8.3,H2168,P5036,P5136,J3003,J3004,K4049(HI),,,
,,,,,,K4034(TH),,,
,,,,,,W6007(A),,,
 TM 17 motor Cummins 6CT 8.3,H2198,P5036,P5136,J3003,J3004,K4049(HI),,,
,,,,,,K4034(TH),,,
,,,,,,W6007(A),,,
 TM 20 motor Cummins 855 CP,H2047,(2) P5050,,J3095,J3008,K4015(HI),,,
,,,,,,K4034(TH),,,
,,,,,,W6007(A),,,
 TM 25 motor Cummins 855 NT,T2007,(2) P5050,,J3003,J3004,K4049(HI),,,
,,,,,,K4034(TH),,,
,,,,,,W6007(A),,,
 TM 31 motor Cummins 855 CP,H2047,(2) P5050,,J3095,J3008,K4015(HI),,,
,,,,,,,,,
TM 31 motor SCANIA 110,H.2048,(2) P5073,,J3259,J3183,K4015W6007,,,
,,,,,,K4034 TH,,,
,,,,,,,,,
 NEW HOLLAND,,,,,,,,,
55-86 F,,,,J3554,J3555,,,,
TT-65-D,H2012,P5177,,J3520R,J3521R,,,,
 Tractor TC 55. TC 57,H2002,(2) P5074,,J3040,J3041,K4018 (HI),,,
TC 59 NEW HOLLAND GENESIS 7.5 TURBO,H2002,P5170,P5157,J3258,J3114,,,,
170 MINI CARGADORA,H2205,P5180,,J3016,J3558,,,,
 4600. 6600. 7500 motor Ford Diesel,H2013,(2) Z5020,,J3034,J3035,K4027(HI),,,
,,,,,,K4085(DH),,,
 4630. 4630 Narrow,H2069,,,J3036,J3037,K4027(HI),,,
 5030 Narrow. 5630. 6630. 7630. 7830. 8030,H2107,P5136,,J3036,J3037,K4027(HI),,,
,,,,,,K4085(DH),,,
 7000. 7500. 7600. 7700 motor Ford Diesel,H2015,(2) Z5020,,,,,,,
 7610. 4610. 5610. 6610 motor Ford Diesel,H2013,(2) Z5020,,J3197,,K4027(HI),,,
,,,,,,K4085(DH),,,
 7650 Turbo 4X4,H2013,(2) Z5020,,,,,,,
 7810 motor Importado,,(2) Z5020,,,,K4027(HI),,,
CS 660 COSECHADORA MOTOR Cummins,,,,,,,,,
8030,,H2212,P5210,,,,,,
,,,,,,K4085(DH),,,
 8040 motor MB,,(2) Z5057,,J3087,J3031,,,,
 NEW HOLLAND (Continuación),,,,,,,,,
 8055 motor Ford,H2107,(2) P5073,,J3040,J3041,,,,
 8055 motor MB,T2103,(2) Z5055,,J3087,J3031,,,,
8430,H2012,(2) Z5020,,J3087,J3031,K4021(TH),,,
8440,,P5210 P,,,,,,,
 8630. 8830,H2002,P5021,,J3087,J3031,K4021(HI),,,
7056/66 motor Fiat Agri,H2001,P5074,P5170,J3509R,J3510R,K4021(HI),,,
D-130 motor  Cummins,,,,J3040,J3041,,,,
TS 120   NEW HOLLAND,H2021,,,,,,,,
TL-65              NEW HOLLAND,H2001,P5136,,,,,,,
TL-70              NEW HOLLAND,H2001,P5136,,,,,,,
TL-80 4WD      NEW HOLLAND,H2001,P5136,P5170,J3509R,J3510R,K4021(HI),,,
TL-85 MOTOR MWM,,,,J3509R,J3510R,K4028(HI),,,
TL 85 -95,,P5136,,J3601R,J3602R,,,,
TL-100,,,,J3494,,,,,
TL75,,,,J3509R,J3510R,,,,
PL-95-E ,H2012,P5170,,J3494,,,,,
110 Retro excavadora motor Cummins 2007>,H2167,P5121,P5167 S/V,J3622R,J3623R,,,,
B 90 B Retro excavadora. motor Fiat Iveco,H2212,P5210P,,J3520R,J3521R, K4055 (HC),,,
TM 135 4 WD CAB motor Genesis,H2021,,,,,,,,
TM 150 4 WD CAB motor Genesis,H2021,,,J3709,J3710,,,,
TM 165 4 WD CAB motor Genesis,H2021,,,,,,,,
TM 1180 motor Powerstar turbo ,,,,,,,,,
TM 190 motor CNH Powerstar ,,,,,,,,,
RG 140 B MOTONIV.C/ Cummins,H2168,P5073,,J3040,J3041,,,,
170-G Motoniveladora motor /Cummins 8.3,H2198,P5073,P5036,J3258,J3114,,,,
1900,H2033,P5054,,J3009,J3010,K4027 / K4022,,,
D-130 Topadora,H2168,P5073,P5036,J3040,J3041,,,,
D-170 Topadora,H2198,P5073,P5036,J3040,J3041,Z5082(TA),,,
,,,,,,,,,
ALGUNOS MODELOS,,,,,,K4115(HI),,,
,,,,,,,,,
 SAME,,,,,,,,,
65,,,,J3685CD,J3686,J3292,,,
66 II Fruttero Same 1000.3  A 3/3.000 CM 60 CV DIN,,,,,,,,,
75 II Fruttero Same 1000.4  A 4/4000 CM 75 CV,,,,,,,,,
75 Vigneron  Same 1000.4    4/4000 CM 75 CV DIN,,,,,,,,,
 190 TITAN,,,,,,,,,
 100 Laser 100-Same 1055 98 CV RM,H2012,Z5068,,,,,,,
 130 LASER 130 SAME 1056 P 98 NCV,,,,,,,,,
 150 Laser Same 1056P,H2001,Z5068,,,,,,,
,,,,,,,,,
 SANTA MATILDE,,,,,,,,,
 145 CV DIN 2180 R.2180 CV,H2013,(2) Z5020,,J3032,J3033,K4027,,,
 80-Explore Same 1000 4 A,T2036,(2) Z5032,,,,,,,
 90  Special Same 1000.A 105X115.5,T2036,(2) Z5032,,,,,,,
,,,,,,,,,
SEN MAQUINA CHINA,,,,,,,,,
SEN 650 B C/ motor Cummins Cargadora frantal,H2033,P5054,P5161,J3612R,J3613R,,,,
,,,,,,,,,
TEREX,,,,,,,,,
TEREX Retro excavadora TX760B Serie 5MFH44TC0,H2015,,Z5020,,,,,,
,,,,,,,,,
,,,,,,,,,
TSK,,,,,,,,,
TSK 1030 Excavadora motor cummins 6BT ,H2033,P5054,,,,,,,
,,,,,,,,,
TYNGONG,,,,,,,,,
Motoniveladora. PY 200 G motorCummins CBTA 8.3 ,H2198,P5036,P5073,J3599 CD  ,J3600, K4100,W6007,,
,,,,,,,,,
 VALMET,,,,,,,,,
101D. 110TA. 880TA. Forestal motor MWM D225/6,H2021,(2) Z5055,,,,,,,
118. 118.4. 128. 128.4 motor MWM D229/6 Turbo86·,H2021,(2) Z5055,,J3036,J3037,,,,
118. 118.4. 128. 138.4 motor MWM D229/6,H2021,Z5055,P5136,J3036,J3037,K4019(HI),,,
,,,,,,K4080(CV),,,
118. 118.4 motor D229/6 Turbo,H2021,(2) Z5055,,J3036,J3037,,,,
138.4. 148.4 motor D229/6 Turbo,H2021,(2) Z5055,,,,K4019(HI),,,
,,,,,,K4080(CV),,,
148.4 motor MWM D229/6 Turbo,H2002,(2) Z5055,,J3040,J3041,K4019(HI),,,
,,,,,,K4080(CV),,,
685.  motor MWM D229/3,H2088,(2) Z5055,,J3534,,,,,
785    motor MWM B 229/4,H2088, Z5068,(2) Z5055,J3534,,,,,
880. 980.4 motor MWM D229/4,H2088,(2) Z5055,,J3087,J3031,K4019(HI),,,
880. 980.4 motor MWM D229/5,,,,,,K4080(CV),,,
885 motor MWM D229/4,H2088,(2) Z5055,,J3087,J3031,,,,
885 motor MWM D229/4 TM Turbo,H2088,(2) Z5055,,J3036,J3037,,,,
885 motor Valmet 420D,H2021,(2) Z5020,,J3034,J3035,,,,
885 TS,H2186,,,,,,,,
950 4X2 motor MWM TD 229 EC 4 VM,H2021,(2) Z5055,,J3036,J3037,,,,
985 motor Valmet 420 DS,H2186,(2) Z5020,,J3034,J3035,K4019(HI),,,
980 motor MWM D229 EC 4TA Turbo,H2088,(2) Z5055,,J3087,J3031,,,,
1180,H2089,(2) P5073,,J3087,J3031,,,,
 1180 motor Cummins 6B 5.9,H2168,P5036,P5073,J3087,J3031,W6007(IC),,,
 1180 motor Valmet 620D,H2089,(2) Z5055,,J3087,J3031,,,,
 1280 motor MWM D229/4,H2021,(2) Z5055,,J3036,J3037,,,,
 1380 motor Valmet 620 DS Importado,H2186,Z5055,,J3040,J3041,K4019(HI),,,
,,,,,,K4080(CV),,,
 1580 motor MWM TD229/6,H2002,(2) Z5055,,J3040,J3041,,,,
1580,H2002,(2) Z5055,,J3040,J3041,,,,
1680,H2186,(2) Z5068,,J3040,J3041,K4019 / K4080,,,
1780,H2002,(2) Z5055,,J3040,J3041,K4019(HI),,,
1781,,,,,,K4080(CV),,,
 1780 motor MWM TD229 EC 6 Turbo,H2002,(2) Z5055,,J3040,J3041,,,,
1880,H2186,(2) Z5068,,J3040,J3041,K4019 / K4080,,,
VALMET ,,,,,,K4051,,,
,,,,,,,,,
 VASALLI,,,,,,,,,
 3-16 motor Perkins 6-354 F2,H2015,(2) Z5020,,,,,,,
 3-16 motor MB OM-352,T2103,(2) Z5055,,,,,,,
 910M y 910 Lider motor Perkins T6-354 F4 T,H2015,(2) Z5020,,J3087,J3031,,,,
 910M y 910 Lider motor MB. OM 352A T,T2103,(2) Z5055,,J3087,J3031,,,,
 910M y 910 Lider motor Deutz BF69-913  T,H2022,P5073,Z5042,,,,,,
RV  125  125 M COSECHADORA DON ROQUE,,,,J3258,J3114,,,,
RV 150   COSECHADORA DON ROQUE,,,,,,,,,
RV 170  ELECTRICO  COSECHADORA DON ROQUE,,,,,,,,,
NUEVA COSECHADORA  VASSALLI 1.550 E,,,,,,,,,
NUEVA COSECHADORA  VASSALLI 1.550 ,,,,,,,,,
AX 7.500 MOTOR 350 HP,,,,,,,,,
,,,,,,,,,
 VALTRA,H2186,(2) Z5020,,,,,,,
BF 65 320D,,,,,,,,,
BF 75 320 DS TURBO,,,,,,,,,
BL 77 VALTRA 320 DSR TURBO,H2186,(2)Z5020,,J3569R,J3570R,,,,
BM 85 VALTRA 420 D,H2186,(2)Z5020,,J3034,J3035,,,,
BL 88 VALTRA 420 DSR TURBO,,,,J3569R,J3570R,,,,
 VALTRA (Continuación),,,,,,,,,
 BM 100 420DS TURBO,H2186,(2)Z5020,,,,,,,
BM 110 VALTRA 420 DS TURBO,,,,,,,,,
BM 120 VALTRA 620 D,,,,,,,,,
125,H2186,(2)Z5020,,J3087,J3031,HIK4080K4019,,,
145,H2186,(2)Z5020,,J3040,J3041,,,,
BH-160 VALTRA 620 DS TURBO,H2186,Z5020,Z5020,,,THK4080,,,
685C MWM/D 229 3 VA,,,,,,,,,
700 VALTRA 320 DS TURBO,,,,,,,,,
785C MWM/D 229 4 VA,,,,,,,,,
800 VALTRA 420 DR,,,,,,,,,
900 VALTRA 420 DSR TURBO,,,,,,,,,
 1280R MWM/D229 6VA,,,,,,,,,
1380 S VALTRA 620 DS,H2186,Z5020,Z5020,J3537R,J3538R,T HK4080 ,,,
1580 motorOTOR MWM TD-229/6,H2002,Z5055,Z5055,J3537R,J3538R,T HK4080 ,,,
1480,,,,J3537R,J3538R,,,,
1680,,,,J3537R,J3538R,,,,
1680 S VALTRA 620 DS,H2186,Z5020,Z5020,J3537R,J3538R,T HK4080 ,,,
1780 MWM TD-229/6,H2002,Z5055,Z5055,J3537R,J3538R,THK4080,,,
1880S  VALTRA 620 DS,H2186,Z5020,Z5020,J3537R,J3538R,THK4080,,,
 BH 140 620DS TURBO,H2186,Z5020,Z5020,J3537R,J3538R,T HK4080 ,,,
 1580/1780 MWM/TD229 EC 6 VA/VM,,,,,,,,,
 BH160 420DS,H2186,Z5068,Z5068,J3537R,J3538R,HK4113,,,
 BH180  VALTRA 620 DS TURBO,H2186,Z5020,Z5020,J3537R,J3538R,THK4080,,,
,,,,,,,,,
 ZANELLO,,,,,,,,,
160P C/PERKINS 4-203 60 CV,,,,,,,,,
 200 M motor MWM D-229/4,H2088,(2) Z5055,(2)P5136,J3034,J3035,,,,
 220 y 240 motor Zanello,H2038,(2) Z5055,,J3088,J3089,,,,
 230 C-C/Cummins 6B 5.9 121 CV,H2168,P5036,P5073,J3087,J3031,K4018(HI),,,
,,,,,,W6006(IC),,,
 230A C/Cummins 6B 5.9 121 CV PAUNY,H2168,P5142 S/V,,J3617,J3618,HC K4100,,,
 250C C/Cummins 6BT 5.9 160 CV,H2168,P5073,P5142 S/ V,J3343,J3344,,,,
 250A C/Cummins 6BT5.9 160 CV,,,,,,,,,
180 motorOTOR Cummins PAUNY,H2168,P5073,P5142 S/ V,,,,,,
 360C4X4 C/Cummins 6BT 5.9 160 CV,,,,,,,,,
 850 CON MOTOR SCANIA,H2048,(2) P5073,,J3258,J3114,K4036(HI),,,
,,,,,,W6007(IC),,,
 450-460 motor Zanello,H2038,Z5056,Z5117,J3088,J3089,,,,
 460 C -480C motor Cummins 6BT 5.9 160 CV,H2168,P5036,P5073,J3258,J3114,W6007(IC),,,
460C motor      motor Cummins 6BT,H2168,P5036,,J3040,J3041,K4018(HI),,,
 500C motor Cummins 6CT 8.3 200 CV,H2198,P5036,P5073,J3258,J3114,K4036(HI),,,
,,,,,,K4018(CV),,,
,,,,,,W6007(IC),,,
 540C motor Cummins 6CTA 8.3 240 CV,H2198,P5036,P5073,J3258,J3114,W6007(IC),,,
 580 C motor Cummins 6CTA P 8.3 260 CV,H2198,P5036,P5073,J3182,J3183,K4036(HI),K4018(HI),OK4066,
,,,,,,W6007(IC),,,
 700 C motor Cummins NT 855A 300 CV,H2198,(2) P5050,,J3374,J3375,,,,
 900 C motor Cummins NTA 400,H2198,P5050,,,,W6006(IC),,,
 4.200 -F-26-DF motor Deutz,H2022,P5073,Z5042,J3087,J3031,,,,
 4.400 F motor Caterpillar 3306TA,H2033,P5054,,,,K4036(HI),,,
 4.400 T motor Caterpillar 3306TA,H2033,P5054,,,,K4036(HI),,,
 C417 motor Caterpillar 3304TA,H2033,P5054,,,,K4036(HI),,,
 C417. 4.400 T motor Caterpillar,H2033,P5054,,,,K4036(TH),,,
 C425F motor Caterpillar 3306TA,H2033,P5054,,,,K4036(HI),,,
 C425 motor Caterpillar 3306TA,H2033,P5054,,,,K4036(HI),,,
 C-425 motor Caterpillar,H2033,P5054,,J3087,J3031,K4036(TH),,,
 M-413. M-200. M-24. 4-200-FF motor MB OM-352,T2103,(2) Z5055,,J3087,J3031,K4036(TH),,,
 M-415. 4-200. M-26. F-26-DEmotor MB  OM-352A,T2103,(2) Z5055,,J3087,J3031,K4036(TH),,,
 P414. 4-200-P motor Perkins 6-354-F4,H2015,(2) Z5020,,J3087,J3031,,,,
 P-417. 4-300-F motor Perkins,H2015,(2) Z5020,,J3036,J3037,K4036(TH),,,
 UP-10 motor Perkins 4-203,H2013,(2) Z5020,,J3032,J3033,K4037(TH),,,
 UP-100 motor Perkins 6-354,H2013,(2) Z5020,,J3036,J3037,K4036(TH),,,
 V-206 motor Zanello-VM,H2037,(2) Z5056,,J3032,J3033,K4036(TH),,,
 V208 y V210,H2037,(2) Z5056,,J3036,J3037,K4018(HI),,,
,,,,,,K4036(TH),,,
 V-417 motor VM importado,H2037,(2) Z5056,,J3087,J3031,K4036(TH),,,
 V-417 motor Zanello-VM,H2037,(2) Z5056,,J3087,J3031,K4036(TH),,,
TRACZA ZANELLO  C-120,,,,,,K4066,,,
TRACZA ZANELLO  C-120 DT,,,,,,,,,
TRACZA ZANELLO  C-140,,,,,,,,,
TRACZA ZANELLO  C-140 DT,,,,,,,,,
TRACZA ZANELLO  Q150,,,,,,,,,
TRACZA ZANELLO  Q170,,,,,,,,,
TRACZA ZANELLO  Q190,,,,,,,,,
TRACZA ZANELLO  Q 210,,,,,,,,,
TRACZA ZANELLO  A170 D,,,,,,,,,
TRACZA ZANELLO  A190 D,,,,,,,,,
TRACZA ZANELLO  A215D INTERNACIONAL V-8,H2049,,,,,,,,
TRACZA ZANELLO A250 D ,H2049,,,,,,,,
500GLP MOTOR A GAS,,,,,,,,,
ALGUNO ZANELLO ,,,,,,(HI K4079),,,
,,,,,,,,,
 ZETOR,,,,,,,,,
8045,H2088,(2) Z5038,Z5057,J3060,J3061,K4037(HI),,,
12045,H2088,(2) Z5038,Z5057,J3077,J3078,K4037(HI),,,
,,,,,,,,,
ZL MAQUINA CHINA,,,,,,,,,
ZL MAQUINA CHINA ZL 30 motorOTOR DEUTZ JA,,,,J3650,J3651,,,,
,,,,,,,,,
 VARIOS,,,,,,,,,
 Atlas Copco,,,,J3261,,,,,
 Betonmac,,,,,,K4072(HI),,,
 Bertolini Tractor,T2060,,,,,,,,
 Comp. Ingersoll Rand,,,,,,K4071(HI),,,
 Hidromac,,,,,,K4062(HI),,,
 Klia,,,,,,K4063(HI),,,
 Sullair,,,,J3251,,,,,
 Steiger,,,,J3302,J3303,,,,
 Tortone  TC yTR-160,,,,,,K4061(HI),,,
 Volvo Nºor.MF-146-A,,,,,,K4077(HI),,,
VOLVO VIAL MOTO PALA,,,,J3525R,J3526R,,,,
VOLVO 710 MOTONIVELADORA,,,,J3590R,J3693R,,,,
VOLVO EC 210 BLC D6D-EGER ESCAVADORA,T2217E,,,,,,,,
,,,,,,,,,
,,,,,,,,,
,,,,,,,,,
,,,,,,,,,
,,,,,,,,,
,,,,,,,,,
,,,,,,,,,
,,,,,,,,,
,,,,,,,,,
,,,,,,,,,
,,,,,,,,,
,,,,,,,,,
,,,,,,,,,
,,,,,,,,,
,,,,,,,,,
,,,,,,,,,
,,,,,,,,,
,,,,,,,,,
,,,,,,,,,
,,,,,,,,,
,,,,,,,,,
,,,,,,,,,
,,,,,,,,,
,,,,,,,,,
,,,,,,,,,
,,,,,,,,,
,,,,,,,,,
,,,,,,,,,
,,,,,,,,,
,,,,,,,,,
,,,,,,,,,
,,,,,,,,,
,,,,,,,,,
,,,,,,,,,
,,,,,,,,,
,,,,,,,,,
,,,,,,,,,
,,,,,,,,,
,,,,,,,,,
,,,,,,,,,
,,,,,,,,,
,,,,,,,,,
,,,,,,,,,
,,,,,,,,,
,,,,,,,,,
,,,,,,,,,
,,,,,,,,,
,,,,,,,,,
,,,,,,,,,
,,,,,,,,,
,,,,,,,,,
,,,,,,,,,
,,,,,,,,,
,,,,,,,,,
,,,,,,,,,
,,,,,,,,,
,,,,,,,,,
,,,,,,,,,
,,,,,,,,,
,,,,,,,,,
,,,,,,,,,
,,,,,,,,,
,,,,,,,,,
,,,,,,,,,
,,,,,,,,,
,,,,,,,,,
,,,,,,,,,
,,,,,,,,,
,,,,,,,,,
,,,,,,,,,
,,,,,,,,,
,,,,,,,,,
,,,,,,,,,
,,,,,,,,,
,,,,,,,,,
,,,,,,,,,
,,,,,,,,,
,,,,,,,,,
,,,,,,,,,
,,,,,,,,,
,,,,,,,,,
,,,,,,,,,
,,,,,,,,,
,,,,,,,,,
,,,,,,,,,
,,,,,,,,,
,,,,,,,,,
,,,,,,,,,
,,,,,,,,,
,,,,,,,,,
,,,,,,,,,
,,,,,,,,,
,,,,,,,,,
,,,,,,,,,
,,,,,,,,,
,,,,,,,,,
,,,,,,,,,
,,,,,,,,,
,,,,,,,,,
,,,,,,,,,
,,,,,,,,,
,,,,,,,,,
,,,,,,,,,
,,,,,,,,,
,,,,,,,,,
,,,,,,,,,
,,,,,,,,,
,,,,,,,,,
,,,,,,,,,
,,,,,,,,,
,,,,,,,,,
,,,,,,,,,
,,,,,,,,,
,,,,,,,,,
,,,,,,,,,
,,,,,,,,,
,,,,,,,,,
,,,,,,,,,
,,,,,,,,,
,,,,,,,,,
,,,,,,,,,
,,,,,,,,,
,,,,,,,,,
,,,,,,,,,
,,,,,,,,,
,,,,,,,,,
,,,,,,,,,
,,,,,,,,,
,,,,,,,,,
,,,,,,,,,
,,,,,,,,,
,,,,,,,,,
,,,,,,,,,
,,,,,,,,,
,,,,,,,,,
,,,,,,,,,
,,,,,,,,,
,,,,,,,,,
,,,,,,,,,
,,,,,,,,,
,,,,,,,,,
,,,,,,,,,
,,,,,,,,,
,,,,,,,,,
,,,,,,,,,
,,,,,,,,,
,,,,,,,,,
,,,,,,,,,
,,,,,,,,,
,,,,,,,,,
,,,,,,,,,
,,,,,,,,,
,,,,,,,,,
,,,,,,,,,
,,,,,,,,,
,,,,,,,,,
,,,,,,,,,
,,,,,,,,,
,,,,,,,,,
,,,,,,,,,
,,,,,,,,,
,,,,,,,,,
,,,,,,,,,
,,,,,,,,,
,,,,,,,,,
,,,,,,,,,
,,,,,,,,,
,,,,,,,,,
,,,,,,,,,
,,,,,,,,,
,,,,,,,,,
,,,,,,,,,
,,,,,,,,,
,,,,,,,,,
,,,,,,,,,
,,,,,,,,,
,,,,,,,,,
,,,,,,,,,
,,,,,,,,,
,,,,,,,,,
,,,,,,,,,
,,,,,,,,,
,,,,,,,,,
,,,,,,,,,
,,,,,,,,,
,,,,,,,,,
,,,,,,,,,
,,,,,,,,,
,,,,,,,,,
,,,,,,,,,
,,,,,,,,,
,,,,,,,,,
,,,,,,,,,
,,,,,,,,,
,,,,,,,,,
,,,,,,,,,
,,,,,,,,,
,,,,,,,,,
,,,,,,,,,
,,,,,,,,,
,,,,,,,,,
,,,,,,,,,
,,,,,,,,,
,,,,,,,,,
,,,,,,,,,
,,,,,,,,,
,,,,,,,,,
,,,,,,,,,
,,,,,,,,,
,,,,,,,,,
,,,,,,,,,
,,,,,,,,,
,,,,,,,,,
,,,,,,,,,
,,,,,,,,,
,,,,,,,,,
,,,,,,,,,
,,,,,,,,,
,,,,,,,,,
,,,,,,,,,
,,,,,,,,,
,,,,,,,,,
,,,,,,,,,
,,,,,,,,,
,,,,,,,,,
,,,,,,,,,
,,,,,,,,,
,,,,,,,,,
,,,,,,,,,
,,,,,,,,,
,,,,,,,,,
,,,,,,,,,
,,,,,,,,,
,,,,,,,,,
,,,,,,,,,
,,,,,,,,,
,,,,,,,,,
,,,,,,,,,
,,,,,,,,,
,,,,,,,,,
,,,,,,,,,
,,,,,,,,,
,,,,,,,,,
,,,,,,,,,
,,,,,,,,,
,,,,,,,,,
,,,,,,,,,
,,,,,,,,,
,,,,,,,,,
,,,,,,,,,
,,,,,,,,,
,,,,,,,,,
,,,,,,,,,
,,,,,,,,,
,,,,,,,,,
,,,,,,,,,
,,,,,,,,,
,,,,,,,,,
,,,,,,,,,
,,,,,,,,,
,,,,,,,,,
,,,,,,,,,
,,,,,,,,,
,,,,,,,,,
,,,,,,,,,
,,,,,,,,,
,,,,,,,,,
,,,,,,,,,
,,,,,,,,,
,,,,,,,,,
,,,,,,,,,
,,,,,,,,,
,,,,,,,,,
,,,,,,,,,
,,,,,,,,,
,,,,,,,,,
,,,,,,,,,
,,,,,,,,,
,,,,,,,,,
,,,,,,,,,
,,,,,,,,,
,,,,,,,,,
,,,,,,,,,
,,,,,,,,,
,,,,,,,,,
,,,,,,,,,
,,,,,,,,,
,,,,,,,,,
,,,,,,,,,
,,,,,,,,,
,,,,,,,,,
,,,,,,,,,
,,,,,,,,,
,,,,,,,,,
,,,,,,,,,
,,,,,,,,,
,,,,,,,,,
,,,,,,,,,
,,,,,,,,,
,,,,,,,,,
,,,,,,,,,
,,,,,,,,,
,,,,,,,,,
,,,,,,,,,
,,,,,,,,,
,,,,,,,,,
,,,,,,,,,
,,,,,,,,,
,,,,,,,,,
,,,,,,,,,
,,,,,,,,,
,,,,,,,,,
,,,,,,,,,
,,,,,,,,,
,,,,,,,,,
,,,,,,,,,
,,,,,,,,,
,,,,,,,,,
,,,,,,,,,
,,,,,,,,,
,,,,,,,,,
,,,,,,,,,
,,,,,,,,,
,,,,,,,,,
,,,,,,,,,
,,,,,,,,,
,,,,,,,,,
,,,,,,,,,
,,,,,,,,,
,,,,,,,,,
,,,,,,,,,
,,,,,,,,,
,,,,,,,,,
,,,,,,,,,
,,,,,,,,,
,,,,,,,,,
,,,,,,,,,
,,,,,,,,,
,,,,,,,,,
,,,,,,,,,
,,,,,,,,,
,,,,,,,,,
,,,,,,,,,
,,,,,,,,,
,,,,,,,,,
,,,,,,,,,
,,,,,,,,,
,,,,,,,,,
,,,,,,,,,
,,,,,,,,,
,,,,,,,,,
,,,,,,,,,
,,,,,,,,,
,,,,,,,,,
,,,,,,,,,
,,,,,,,,,
,,,,,,,,,
,,,,,,,,,
,,,,,,,,,
,,,,,,,,,
,,,,,,,,,
,,,,,,,,,
,,,,,,,,,
,,,,,,,,,
,,,,,,,,,
,,,,,,,,,
,,,,,,,,,
,,,,,,,,,
,,,,,,,,,
,,,,,,,,,
,,,,,,,,,
,,,,,,,,,
,,,,,,,,,
,,,,,,,,,
,,,,,,,,,
,,,,,,,,,
,,,,,,,,,
,,,,,,,,,
,,,,,,,,,
,,,,,,,,,
,,,,,,,,,
,,,,,,,,,
,,,,,,,,,
,,,,,,,,,
,,,,,,,,,
,,,,,,,,,
,,,,,,,,,
,,,,,,,,,
,,,,,,,,,
,,,,,,,,,
,,,,,,,,,
,,,,,,,,,
,,,,,,,,,
,,,,,,,,,
,,,,,,,,,
,,,,,,,,,
,,,,,,,,,
,,,,,,,,,
,,,,,,,,,
,,,,,,,,,
,,,,,,,,,
,,,,,,,,,
,,,,,,,,,
,,,,,,,,,
,,,,,,,,,
,,,,,,,,,
,,,,,,,,,
,,,,,,,,,
,,,,,,,,,
,,,,,,,,,
,,,,,,,,,
,,,,,,,,,
,,,,,,,,,
,,,,,,,,,
,,,,,,,,,
,,,,,,,,,
,,,,,,,,,
,,,,,,,,,
,,,,,,,,,
,,,,,,,,,
,,,,,,,,,
,,,,,,,,,
,,,,,,,,,
,,,,,,,,,
,,,,,,,,,
,,,,,,,,,
,,,,,,,,,
,,,,,,,,,
,,,,,,,,,
,,,,,,,,,
,,,,,,,,,
,,,,,,,,,
,,,,,,,,,
,,,,,,,,,
,,,,,,,,,
,,,,,,,,,
,,,,,,,,,
,,,,,,,,,
,,,,,,,,,
,,,,,,,,,
,,,,,,,,,
,,,,,,,,,
,,,,,,,,,
,,,,,,,,,
,,,,,,,,,
,,,,,,,,,
,,,,,,,,,
,,,,,,,,,
,,,,,,,,,
,,,,,,,,,
,,,,,,,,,
,,,,,,,,,
,,,,,,,,,
,,,,,,,,,
,,,,,,,,,
,,,,,,,,,
,,,,,,,,,
,,,,,,,,,
,,,,,,,,,
,,,,,,,,,
,,,,,,,,,
,,,,,,,,,
,,,,,,,,,
,,,,,,,,,
,,,,,,,,,
,,,,,,,,,
,,,,,,,,,
,,,,,,,,,
,,,,,,,,,
,,,,,,,,,
,,,,,,,,,
,,,,,,,,,
,,,,,,,,,
,,,,,,,,,
,,,,,,,,,
,,,,,,,,,
,,,,,,,,,
,,,,,,,,,
,,,,,,,,,
,,,,,,,,,
,,,,,,,,,
,,,,,,,,,
,,,,,,,,,
,,,,,,,,,
,,,,,,,,,
,,,,,,,,,
,,,,,,,,,
,,,,,,,,,
,,,,,,,,,
,,,,,,,,,
,,,,,,,,,
,,,,,,,,,
,,,,,,,,,
,,,,,,,,,
,,,,,,,,,
,,,,,,,,,
,,,,,,,,,
,,,,,,,,,
,,,,,,,,,
,,,,,,,,,
,,,,,,,,,
,,,,,,,,,
,,,,,,,,,
,,,,,,,,,
,,,,,,,,,
,,,,,,,,,
,,,,,,,,,
,,,,,,,,,
,,,,,,,,,
,,,,,,,,,
,,,,,,,,,
,,,,,,,,,
,,,,,,,,,
,,,,,,,,,
,,,,,,,,,
,,,,,,,,,
,,,,,,,,,
,,,,,,,,,
,,,,,,,,,
,,,,,,,,,
,,,,,,,,,
,,,,,,,,,
,,,,,,,,,
,,,,,,,,,
,,,,,,,,,
,,,,,,,,,
,,,,,,,,,
,,,,,,,,,
,,,,,,,,,
,,,,,,,,,
,,,,,,,,,
,,,,,,,,,
,,,,,,,,,
,,,,,,,,,
,,,,,,,,,
,,,,,,,,,
,,,,,,,,,
,,,,,,,,,
,,,,,,,,,
,,,,,,,,,
,,,,,,,,,
,,,,,,,,,
,,,,,,,,,
,,,,,,,,,
,,,,,,,,,
,,,,,,,,,
,,,,,,,,,
,,,,,,,,,
,,,,,,,,,
,,,,,,,,,
,,,,,,,,,
,,,,,,,,,
,,,,,,,,,
,,,,,,,,,
,,,,,,,,,
,,,,,,,,,
,,,,,,,,,
,,,,,,,,,
,,,,,,,,,
,,,,,,,,,
,,,,,,,,,
,,,,,,,,,
,,,,,,,,,
,,,,,,,,,
,,,,,,,,,
,,,,,,,,,
,,,,,,,,,
,,,,,,,,,
,,,,,,,,,
,,,,,,,,,
,,,,,,,,,
,,,,,,,,,
,,,,,,,,,
,,,,,,,,,
,,,,,,,,,
,,,,,,,,,
,,,,,,,,,
,,,,,,,,,
,,,,,,,,,
,,,,,,,,,
,,,,,,,,,
,,,,,,,,,
,,,,,,,,,
,,,,,,,,,
,,,,,,,,,
,,,,,,,,,
,,,,,,,,,
,,,,,,,,,
,,,,,,,,,
,,,,,,,,,
,,,,,,,,,
,,,,,,,,,
,,,,,,,,,
,,,,,,,,,
,,,,,,,,,
,,,,,,,,,
,,,,,,,,,
,,,,,,,,,
,,,,,,,,,
,,,,,,,,,
,,,,,,,,,
,,,,,,,,,
,,,,,,,,,
,,,,,,,,,
,,,,,,,,,
,,,,,,,,,
,,,,,,,,,
,,,,,,,,,
,,,,,,,,,
,,,,,,,,,
,,,,,,,,,
,,,,,,,,,
,,,,,,,,,
,,,,,,,,,
,,,,,,,,,
,,,,,,,,,
,,,,,,,,,
,,,,,,,,,
,,,,,,,,,
,,,,,,,,,
,,,,,,,,,
,,,,,,,,,
,,,,,,,,,
,,,,,,,,,
,,,,,,,,,
,,,,,,,,,
,,,,,,,,,
,,,,,,,,,
,,,,,,,,,
,,,,,,,,,
,,,,,,,,,
,,,,,,,,,
,,,,,,,,,
,,,,,,,,,
,,,,,,,,,
,,,,,,,,,
,,,,,,,,,
,,,,,,,,,
,,,,,,,,,
,,,,,,,,,
,,,,,,,,,
,,,,,,,,,
,,,,,,,,,
,,,,,,,,,
,,,,,,,,,
,,,,,,,,,
,,,,,,,,,
,,,,,,,,,
,,,,,,,,,
,,,,,,,,,
,,,,,,,,,
,,,,,,,,,
,,,,,,,,,
,,,,,,,,,
,,,,,,,,,
,,,,,,,,,
,,,,,,,,,
,,,,,,,,,
,,,,,,,,,
,,,,,,,,,
,,,,,,,,,
,,,,,,,,,
,,,,,,,,,
,,,,,,,,,
,,,,,,,,,
,,,,,,,,,
,,,,,,,,,
,,,,,,,,,
,,,,,,,,,
,,,,,,,,,
,,,,,,,,,
,,,,,,,,,
,,,,,,,,,
,,,,,,,,,
,,,,,,,,,
,,,,,,,,,
,,,,,,,,,
,,,,,,,,,
,,,,,,,,,
,,,,,,,,,
,,,,,,,,,
,,,,,,,,,
,,,,,,,,,
,,,,,,,,,
,,,,,,,,,
,,,,,,,,,
,,,,,,,,,
,,,,,,,,,
,,,,,,,,,
,,,,,,,,,
,,,,,,,,,
,,,,,,,,,
,,,,,,,,,
,,,,,,,,,
,,,,,,,,,
,,,,,,,,,
,,,,,,,,,
,,,,,,,,,
,,,,,,,,,
,,,,,,,,,
,,,,,,,,,
,,,,,,,,,
,,,,,,,,,
,,,,,,,,,
,,,,,,,,,
,,,,,,,,,
,,,,,,,,,
,,,,,,,,,
,,,,,,,,,
,,,,,,,,,
,,,,,,,,,
,,,,,,,,,
,,,,,,,,,
,,,,,,,,,
,,,,,,,,,
,,,,,,,,,
,,,,,,,,,
,,,,,,,,,
,,,,,,,,,
,,,,,,,,,
,,,,,,,,,
,,,,,,,,,
,,,,,,,,,
,,,,,,,,,
,,,,,,,,,
,,,,,,,,,
,,,,,,,,,
,,,,,,,,,
,,,,,,,,,
,,,,,,,,,
,,,,,,,,,
,,,,,,,,,
,,,,,,,,,
,,,,,,,,,
,,,,,,,,,
,,,,,,,,,
,,,,,,,,,
,,,,,,,,,
,,,,,,,,,
,,,,,,,,,
,,,,,,,,,
,,,,,,,,,
,,,,,,,,,
,,,,,,,,,
,,,,,,,,,
,,,,,,,,,
,,,,,,,,,
,,,,,,,,,
,,,,,,,,,
,,,,,,,,,
,,,,,,,,,
,,,,,,,,,
,,,,,,,,,
,,,,,,,,,
,,,,,,,,,
,,,,,,,,,
,,,,,,,,,
,,,,,,,,,
,,,,,,,,,
,,,,,,,,,
,,,,,,,,,
,,,,,,,,,
,,,,,,,,,
,,,,,,,,,
,,,,,,,,,
,,,,,,,,,
,,,,,,,,,
,,,,,,,,,
,,,,,,,,,
,,,,,,,,,
,,,,,,,,,
,,,,,,,,,
,,,,,,,,,
,,,,,,,,,
,,,,,,,,,
,,,,,,,,,
,,,,,,,,,
,,,,,,,,,
,,,,,,,,,
,,,,,,,,,
,,,,,,,,,
,,,,,,,,,
,,,,,,,,,
,,,,,,,,,
,,,,,,,,,
,,,,,,,,,
,,,,,,,,,
,,,,,,,,,
,,,,,,,,,
,,,,,,,,,
,,,,,,,,,
,,,,,,,,,
,,,,,,,,,
,,,,,,,,,
,,,,,,,,,
,,,,,,,,,
,,,,,,,,,
,,,,,,,,,
,,,,,,,,,
,,,,,,,,,
,,,,,,,,,
,,,,,,,,,
,,,,,,,,,
,,,,,,,,,
,,,,,,,,,
,,,,,,,,,
,,,,,,,,,
,,,,,,,,,
,,,,,,,,,
,,,,,,,,,
,,,,,,,,,
,,,,,,,,,
,,,,,,,,,
,,,,,,,,,
,,,,,,,,,
,,,,,,,,,
,,,,,,,,,
,,,,,,,,,
,,,,,,,,,
,,,,,,,,,
,,,,,,,,,
,,,,,,,,,
,,,,,,,,,
,,,,,,,,,
,,,,,,,,,
,,,,,,,,,
,,,,,,,,,
,,,,,,,,,
,,,,,,,,,
,,,,,,,,,
,,,,,,,,,
,,,,,,,,,
,,,,,,,,,
,,,,,,,,,
,,,,,,,,,
,,,,,,,,,
,,,,,,,,,
,,,,,,,,,
,,,,,,,,,
,,,,,,,,,
,,,,,,,,,
,,,,,,,,,
,,,,,,,,,
,,,,,,,,,
,,,,,,,,,
,,,,,,,,,
,,,,,,,,,
,,,,,,,,,
,,,,,,,,,
,,,,,,,,,
,,,,,,,,,
,,,,,,,,,
,,,,,,,,,
,,,,,,,,,
,,,,,,,,,
,,,,,,,,,
,,,,,,,,,
,,,,,,,,,
,,,,,,,,,
,,,,,,,,,
,,,,,,,,,
,,,,,,,,,
,,,,,,,,,
,,,,,,,,,
,,,,,,,,,
,,,,,,,,,
,,,,,,,,,
,,,,,,,,,
,,,,,,,,,
,,,,,,,,,
,,,,,,,,,
,,,,,,,,,
,,,,,,,,,
,,,,,,,,,
,,,,,,,,,
,,,,,,,,,
,,,,,,,,,
,,,,,,,,,
,,,,,,,,,
,,,,,,,,,
,,,,,,,,,
,,,,,,,,,
,,,,,,,,,
,,,,,,,,,
,,,,,,,,,
,,,,,,,,,
,,,,,,,,,
,,,,,,,,,
,,,,,,,,,
,,,,,,,,,
,,,,,,,,,
,,,,,,,,,
,,,,,,,,,
,,,,,,,,,
,,,,,,,,,
,,,,,,,,,
,,,,,,,,,
,,,,,,,,,
,,,,,,,,,
,,,,,,,,,
,,,,,,,,,
,,,,,,,,,
,,,,,,,,,
,,,,,,,,,
,,,,,,,,,
,,,,,,,,,
,,,,,,,,,
,,,,,,,,,
,,,,,,,,,
,,,,,,,,,
,,,,,,,,,
,,,,,,,,,
,,,,,,,,,
,,,,,,,,,
,,,,,,,,,
,,,,,,,,,
,,,,,,,,,
,,,,,,,,,
,,,,,,,,,
,,,,,,,,,
,,,,,,,,,
,,,,,,,,,
,,,,,,,,,
,,,,,,,,,
,,,,,,,,,
,,,,,,,,,
,,,,,,,,,
,,,,,,,,,
,,,,,,,,,
,,,,,,,,,
,,,,,,,,,
,,,,,,,,,
,,,,,,,,,
,,,,,,,,,
,,,,,,,,,
,,,,,,,,,
,,,,,,,,,
,,,,,,,,,
,,,,,,,,,
,,,,,,,,,
,,,,,,,,,
,,,,,,,,,
,,,,,,,,,
,,,,,,,,,
,,,,,,,,,
,,,,,,,,,
,,,,,,,,,
,,,,,,,,,
,,,,,,,,,
,,,,,,,,,
,,,,,,,,,
,,,,,,,,,
,,,,,,,,,
,,,,,,,,,
,,,,,,,,,
,,,,,,,,,
,,,,,,,,,
,,,,,,,,,
,,,,,,,,,
,,,,,,,,,
,,,,,,,,,
,,,,,,,,,
,,,,,,,,,
,,,,,,,,,
,,,,,,,,,
,,,,,,,,,
,,,,,,,,,
,,,,,,,,,
,,,,,,,,,
,,,,,,,,,
,,,,,,,,,
,,,,,,,,,
,,,,,,,,,
,,,,,,,,,
,,,,,,,,,
,,,,,,,,,
,,,,,,,,,
,,,,,,,,,
,,,,,,,,,
,,,,,,,,,
,,,,,,,,,
,,,,,,,,,
,,,,,,,,,
,,,,,,,,,
,,,,,,,,,
,,,,,,,,,
,,,,,,,,,
,,,,,,,,,
,,,,,,,,,
,,,,,,,,,
,,,,,,,,,
,,,,,,,,,
,,,,,,,,,
,,,,,,,,,
,,,,,,,,,
,,,,,,,,,
,,,,,,,,,
,,,,,,,,,
,,,,,,,,,
,,,,,,,,,
,,,,,,,,,
,,,,,,,,,
,,,,,,,,,
,,,,,,,,,
,,,,,,,,,
,,,,,,,,,
,,,,,,,,,
,,,,,,,,,
,,,,,,,,,
,,,,,,,,,
,,,,,,,,,
,,,,,,,,,
,,,,,,,,,
,,,,,,,,,
,,,,,,,,,
,,,,,,,,,
,,,,,,,,,
,,,,,,,,,
,,,,,,,,,
,,,,,,,,,
,,,,,,,,,
,,,,,,,,,
,,,,,,,,,
,,,,,,,,,
,,,,,,,,,
,,,,,,,,,
,,,,,,,,,
,,,,,,,,,
,,,,,,,,,
,,,,,,,,,
,,,,,,,,,
,,,,,,,,,
,,,,,,,,,
,,,,,,,,,
,,,,,,,,,
,,,,,,,,,
,,,,,,,,,
,,,,,,,,,
,,,,,,,,,
,,,,,,,,,
,,,,,,,,,
,,,,,,,,,
,,,,,,,,,
,,,,,,,,,
,,,,,,,,,
,,,,,,,,,
,,,,,,,,,
,,,,,,,,,
,,,,,,,,,
,,,,,,,,,
,,,,,,,,,
,,,,,,,,,
,,,,,,,,,
,,,,,,,,,
,,,,,,,,,
,,,,,,,,,
,,,,,,,,,
,,,,,,,,,
,,,,,,,,,
,,,,,,,,,
,,,,,,,,,
,,,,,,,,,
,,,,,,,,,
,,,,,,,,,
,,,,,,,,,
,,,,,,,,,
,,,,,,,,,
,,,,,,,,,
,,,,,,,,,
,,,,,,,,,
,,,,,,,,,
,,,,,,,,,
,,,,,,,,,
,,,,,,,,,
,,,,,,,,,
,,,,,,,,,
,,,,,,,,,
,,,,,,,,,
,,,,,,,,,
,,,,,,,,,
,,,,,,,,,
,,,,,,,,,
,,,,,,,,,
,,,,,,,,,
,,,,,,,,,
,,,,,,,,,
,,,,,,,,,
,,,,,,,,,
,,,,,,,,,
,,,,,,,,,
,,,,,,,,,
,,,,,,,,,
,,,,,,,,,
,,,,,,,,,
,,,,,,,,,
,,,,,,,,,
,,,,,,,,,
,,,,,,,,,
,,,,,,,,,
,,,,,,,,,
,,,,,,,,,
,,,,,,,,,
,,,,,,,,,
,,,,,,,,,
,,,,,,,,,
,,,,,,,,,
,,,,,,,,,
,,,,,,,,,
,,,,,,,,,
,,,,,,,,,
,,,,,,,,,
,,,,,,,,,
,,,,,,,,,
,,,,,,,,,
,,,,,,,,,
,,,,,,,,,
,,,,,,,,,
,,,,,,,,,
,,,,,,,,,
,,,,,,,,,
,,,,,,,,,
,,,,,,,,,
,,,,,,,,,
,,,,,,,,,
,,,,,,,,,
,,,,,,,,,
,,,,,,,,,
,,,,,,,,,
,,,,,,,,,
,,,,,,,,,
,,,,,,,,,
,,,,,,,,,
,,,,,,,,,
,,,,,,,,,
,,,,,,,,,
,,,,,,,,,
,,,,,,,,,
,,,,,,,,,
,,,,,,,,,
,,,,,,,,,
,,,,,,,,,
,,,,,,,,,
,,,,,,,,,
,,,,,,,,,
,,,,,,,,,
,,,,,,,,,
,,,,,,,,,
,,,,,,,,,
,,,,,,,,,
,,,,,,,,,
,,,,,,,,,
,,,,,,,,,
,,,,,,,,,
,,,,,,,,,
,,,,,,,,,
,,,,,,,,,
,,,,,,,,,
,,,,,,,,,
,,,,,,,,,
,,,,,,,,,
,,,,,,,,,
,,,,,,,,,
,,,,,,,,,
,,,,,,,,,
,,,,,,,,,
,,,,,,,,,
,,,,,,,,,
,,,,,,,,,
,,,,,,,,,
,,,,,,,,,
,,,,,,,,,
,,,,,,,,,
,,,,,,,,,
,,,,,,,,,
,,,,,,,,,
,,,,,,,,,
,,,,,,,,,
,,,,,,,,,
,,,,,,,,,
,,,,,,,,,
,,,,,,,,,
,,,,,,,,,
,,,,,,,,,
,,,,,,,,,
,,,,,,,,,
,,,,,,,,,
,,,,,,,,,
,,,,,,,,,
,,,,,,,,,
,,,,,,,,,
,,,,,,,,,
,,,,,,,,,
,,,,,,,,,
,,,,,,,,,
,,,,,,,,,
,,,,,,,,,
,,,,,,,,,
,,,,,,,,,
,,,,,,,,,
,,,,,,,,,
,,,,,,,,,
,,,,,,,,,
,,,,,,,,,
,,,,,,,,,
,,,,,,,,,
,,,,,,,,,
,,,,,,,,,
,,,,,,,,,
,,,,,,,,,
,,,,,,,,,
,,,,,,,,,
,,,,,,,,,
,,,,,,,,,
,,,,,,,,,
,,,,,,,,,
,,,,,,,,,
,,,,,,,,,
,,,,,,,,,
,,,,,,,,,
,,,,,,,,,
,,,,,,,,,
,,,,,,,,,
,,,,,,,,,
,,,,,,,,,
,,,,,,,,,
,,,,,,,,,
,,,,,,,,,
,,,,,,,,,
,,,,,,,,,
,,,,,,,,,
,,,,,,,,,
,,,,,,,,,
,,,,,,,,,
,,,,,,,,,
,,,,,,,,,
,,,,,,,,,
,,,,,,,,,
,,,,,,,,,
,,,,,,,,,
,,,,,,,,,
,,,,,,,,,
,,,,,,,,,
,,,,,,,,,
,,,,,,,,,
,,,,,,,,,
,,,,,,,,,
,,,,,,,,,
,,,,,,,,,
,,,,,,,,,
,,,,,,,,,
,,,,,,,,,
,,,,,,,,,
,,,,,,,,,
,,,,,,,,,
,,,,,,,,,
,,,,,,,,,
,,,,,,,,,
,,,,,,,,,
,,,,,,,,,
,,,,,,,,,
,,,,,,,,,
,,,,,,,,,
,,,,,,,,,
,,,,,,,,,
,,,,,,,,,
,,,,,,,,,
,,,,,,,,,
,,,,,,,,,
,,,,,,,,,
,,,,,,,,,
,,,,,,,,,
,,,,,,,,,
,,,,,,,,,
,,,,,,,,,
,,,,,,,,,
,,,,,,,,,
,,,,,,,,,
,,,,,,,,,
,,,,,,,,,
,,,,,,,,,
,,,,,,,,,
,,,,,,,,,
,,,,,,,,,
,,,,,,,,,
,,,,,,,,,
,,,,,,,,,
,,,,,,,,,
,,,,,,,,,
,,,,,,,,,
,,,,,,,,,
,,,,,,,,,
,,,,,,,,,
,,,,,,,,,
,,,,,,,,,
,,,,,,,,,
,,,,,,,,,
,,,,,,,,,
,,,,,,,,,
,,,,,,,,,
,,,,,,,,,
,,,,,,,,,
,,,,,,,,,
,,,,,,,,,
,,,,,,,,,
,,,,,,,,,
,,,,,,,,,
,,,,,,,,,
,,,,,,,,,
,,,,,,,,,
,,,,,,,,,
,,,,,,,,,
,,,,,,,,,
,,,,,,,,,
,,,,,,,,,
,,,,,,,,,
,,,,,,,,,
,,,,,,,,,
,,,,,,,,,
,,,,,,,,,
,,,,,,,,,
,,,,,,,,,
,,,,,,,,,
,,,,,,,,,
,,,,,,,,,
,,,,,,,,,
,,,,,,,,,
,,,,,,,,,
,,,,,,,,,
,,,,,,,,,
,,,,,,,,,
,,,,,,,,,
,,,,,,,,,
,,,,,,,,,
,,,,,,,,,
,,,,,,,,,
,,,,,,,,,
,,,,,,,,,
,,,,,,,,,
,,,,,,,,,
,,,,,,,,,
,,,,,,,,,
,,,,,,,,,
,,,,,,,,,
,,,,,,,,,
,,,,,,,,,
,,,,,,,,,
,,,,,,,,,
,,,,,,,,,
,,,,,,,,,
,,,,,,,,,
,,,,,,,,,
,,,,,,,,,
,,,,,,,,,
,,,,,,,,,
,,,,,,,,,
,,,,,,,,,
,,,,,,,,,
,,,,,,,,,
,,,,,,,,,
,,,,,,,,,
,,,,,,,,,
,,,,,,,,,
,,,,,,,,,
,,,,,,,,,
,,,,,,,,,
,,,,,,,,,
,,,,,,,,,
,,,,,,,,,
,,,,,,,,,
,,,,,,,,,
,,,,,,,,,
,,,,,,,,,
,,,,,,,,,
,,,,,,,,,
,,,,,,,,,
,,,,,,,,,
,,,,,,,,,
,,,,,,,,,
,,,,,,,,,
,,,,,,,,,
,,,,,,,,,
,,,,,,,,,
,,,,,,,,,
,,,,,,,,,
,,,,,,,,,
,,,,,,,,,
,,,,,,,,,
,,,,,,,,,
,,,,,,,,,
,,,,,,,,,
,,,,,,,,,
,,,,,,,,,
,,,,,,,,,
,,,,,,,,,
,,,,,,,,,
,,,,,,,,,
,,,,,,,,,
,,,,,,,,,
,,,,,,,,,
,,,,,,,,,
,,,,,,,,,
,,,,,,,,,
,,,,,,,,,
,,,,,,,,,
,,,,,,,,,
,,,,,,,,,
,,,,,,,,,
,,,,,,,,,
,,,,,,,,,
,,,,,,,,,
,,,,,,,,,
,,,,,,,,,
,,,,,,,,,
,,,,,,,,,
,,,,,,,,,
,,,,,,,,,
,,,,,,,,,
,,,,,,,,,
,,,,,,,,,
,,,,,,,,,
,,,,,,,,,
,,,,,,,,,
,,,,,,,,,
,,,,,,,,,
,,,,,,,,,
,,,,,,,,,
,,,,,,,,,
,,,,,,,,,
,,,,,,,,,
,,,,,,,,,
,,,,,,,,,
,,,,,,,,,
,,,,,,,,,
,,,,,,,,,
,,,,,,,,,
,,,,,,,,,
,,,,,,,,,
,,,,,,,,,
,,,,,,,,,
,,,,,,,,,
,,,,,,,,,
,,,,,,,,,
,,,,,,,,,
,,,,,,,,,
,,,,,,,,,
,,,,,,,,,
,,,,,,,,,
,,,,,,,,,
,,,,,,,,,
,,,,,,,,,
,,,,,,,,,
,,,,,,,,,
,,,,,,,,,
,,,,,,,,,
,,,,,,,,,
,,,,,,,,,
,,,,,,,,,
,,,,,,,,,
,,,,,,,,,
,,,,,,,,,
,,,,,,,,,
,,,,,,,,,
,,,,,,,,,
,,,,,,,,,
,,,,,,,,,
,,,,,,,,,
,,,,,,,,,
,,,,,,,,,
,,,,,,,,,
,,,,,,,,,
,,,,,,,,,
,,,,,,,,,
,,,,,,,,,
,,,,,,,,,
,,,,,,,,,
,,,,,,,,,
,,,,,,,,,
,,,,,,,,,
,,,,,,,,,
,,,,,,,,,
,,,,,,,,,
,,,,,,,,,
,,,,,,,,,
,,,,,,,,,
,,,,,,,,,
,,,,,,,,,
,,,,,,,,,
,,,,,,,,,
,,,,,,,,,
,,,,,,,,,
,,,,,,,,,
,,,,,,,,,
,,,,,,,,,
,,,,,,,,,
,,,,,,,,,
,,,,,,,,,
,,,,,,,,,
,,,,,,,,,
,,,,,,,,,
,,,,,,,,,
,,,,,,,,,
,,,,,,,,,
,,,,,,,,,
,,,,,,,,,
,,,,,,,,,
,,,,,,,,,
,,,,,,,,,
,,,,,,,,,
,,,,,,,,,
,,,,,,,,,
,,,,,,,,,
,,,,,,,,,
,,,,,,,,,
,,,,,,,,,
,,,,,,,,,
,,,,,,,,,
,,,,,,,,,
,,,,,,,,,
,,,,,,,,,
,,,,,,,,,
,,,,,,,,,
,,,,,,,,,
,,,,,,,,,
,,,,,,,,,
,,,,,,,,,
,,,,,,,,,
,,,,,,,,,
,,,,,,,,,
,,,,,,,,,
,,,,,,,,,
,,,,,,,,,
,,,,,,,,,
,,,,,,,,,
,,,,,,,,,
,,,,,,,,,
,,,,,,,,,
,,,,,,,,,
,,,,,,,,,
,,,,,,,,,
,,,,,,,,,
,,,,,,,,,
,,,,,,,,,
,,,,,,,,,
,,,,,,,,,
,,,,,,,,,
,,,,,,,,,
,,,,,,,,,
,,,,,,,,,
,,,,,,,,,
,,,,,,,,,
,,,,,,,,,
,,,,,,,,,
,,,,,,,,,
,,,,,,,,,
,,,,,,,,,
,,,,,,,,,
,,,,,,,,,
,,,,,,,,,
,,,,,,,,,
,,,,,,,,,
,,,,,,,,,
,,,,,,,,,
,,,,,,,,,
,,,,,,,,,
,,,,,,,,,
,,,,,,,,,
,,,,,,,,,
,,,,,,,,,
,,,,,,,,,
,,,,,,,,,
,,,,,,,,,
,,,,,,,,,
,,,,,,,,,
,,,,,,,,,
,,,,,,,,,
,,,,,,,,,
,,,,,,,,,
,,,,,,,,,
,,,,,,,,,
,,,,,,,,,
,,,,,,,,,
,,,,,,,,,
,,,,,,,,,
,,,,,,,,,
,,,,,,,,,
,,,,,,,,,
,,,,,,,,,
,,,,,,,,,
,,,,,,,,,
,,,,,,,,,
,,,,,,,,,
,,,,,,,,,
,,,,,,,,,
,,,,,,,,,
,,,,,,,,,
,,,,,,,,,
,,,,,,,,,
,,,,,,,,,
,,,,,,,,,
,,,,,,,,,
,,,,,,,,,
,,,,,,,,,
,,,,,,,,,
,,,,,,,,,
,,,,,,,,,
,,,,,,,,,
,,,,,,,,,
,,,,,,,,,
,,,,,,,,,
,,,,,,,,,
,,,,,,,,,
,,,,,,,,,
,,,,,,,,,
,,,,,,,,,
,,,,,,,,,
,,,,,,,,,
,,,,,,,,,
,,,,,,,,,
,,,,,,,,,
,,,,,,,,,
,,,,,,,,,
,,,,,,,,,
,,,,,,,,,
,,,,,,,,,
,,,,,,,,,
,,,,,,,,,
,,,,,,,,,
,,,,,,,,,
,,,,,,,,,
,,,,,,,,,
,,,,,,,,,
,,,,,,,,,
,,,,,,,,,
,,,,,,,,,
,,,,,,,,,
,,,,,,,,,
,,,,,,,,,
,,,,,,,,,
,,,,,,,,,
,,,,,,,,,
,,,,,,,,,
,,,,,,,,,
,,,,,,,,,
,,,,,,,,,
,,,,,,,,,
,,,,,,,,,
,,,,,,,,,
,,,,,,,,,
,,,,,,,,,
,,,,,,,,,
,,,,,,,,,
,,,,,,,,,
,,,,,,,,,
,,,,,,,,,
,,,,,,,,,
,,,,,,,,,
,,,,,,,,,
,,,,,,,,,
,,,,,,,,,
,,,,,,,,,
,,,,,,,,,
,,,,,,,,,
,,,,,,,,,
,,,,,,,,,
,,,,,,,,,
,,,,,,,,,
,,,,,,,,,
,,,,,,,,,
,,,,,,,,,
,,,,,,,,,
,,,,,,,,,
,,,,,,,,,
,,,,,,,,,
,,,,,,,,,
,,,,,,,,,
,,,,,,,,,
,,,,,,,,,
,,,,,,,,,
,,,,,,,,,
,,,,,,,,,
,,,,,,,,,
,,,,,,,,,
,,,,,,,,,
,,,,,,,,,
,,,,,,,,,
,,,,,,,,,
,,,,,,,,,
,,,,,,,,,
,,,,,,,,,
,,,,,,,,,
,,,,,,,,,
,,,,,,,,,
,,,,,,,,,
,,,,,,,,,
,,,,,,,,,
,,,,,,,,,
,,,,,,,,,
,,,,,,,,,
,,,,,,,,,
,,,,,,,,,
,,,,,,,,,
,,,,,,,,,
16546 ED300,,,,,,,,,
